-- MySQL dump 10.13  Distrib 5.7.43, for Win64 (x86_64)
--
-- Host: 127.0.0.1    Database: super_preco2
-- ------------------------------------------------------
-- Server version	5.5.5-10.4.28-MariaDB

/*!40101 SET @OLD_CHARACTER_SET_CLIENT=@@CHARACTER_SET_CLIENT */;
/*!40101 SET @OLD_CHARACTER_SET_RESULTS=@@CHARACTER_SET_RESULTS */;
/*!40101 SET @OLD_COLLATION_CONNECTION=@@COLLATION_CONNECTION */;
/*!40101 SET NAMES utf8 */;
/*!40103 SET @OLD_TIME_ZONE=@@TIME_ZONE */;
/*!40103 SET TIME_ZONE='+00:00' */;
/*!40014 SET @OLD_UNIQUE_CHECKS=@@UNIQUE_CHECKS, UNIQUE_CHECKS=0 */;
/*!40014 SET @OLD_FOREIGN_KEY_CHECKS=@@FOREIGN_KEY_CHECKS, FOREIGN_KEY_CHECKS=0 */;
/*!40101 SET @OLD_SQL_MODE=@@SQL_MODE, SQL_MODE='NO_AUTO_VALUE_ON_ZERO' */;
/*!40111 SET @OLD_SQL_NOTES=@@SQL_NOTES, SQL_NOTES=0 */;

--
-- Table structure for table `mercado`
--

DROP TABLE IF EXISTS `mercado`;
/*!40101 SET @saved_cs_client     = @@character_set_client */;
/*!40101 SET character_set_client = utf8 */;
CREATE TABLE `mercado` (
  `id_mercado` int(11) NOT NULL AUTO_INCREMENT,
  `nome` varchar(255) NOT NULL,
  PRIMARY KEY (`id_mercado`)
) ENGINE=InnoDB AUTO_INCREMENT=8 DEFAULT CHARSET=utf8mb4 COLLATE=utf8mb4_general_ci;
/*!40101 SET character_set_client = @saved_cs_client */;

--
-- Dumping data for table `mercado`
--

LOCK TABLES `mercado` WRITE;
/*!40000 ALTER TABLE `mercado` DISABLE KEYS */;
INSERT INTO `mercado` VALUES (1,'Cooper'),(2,'Superkoch');
/*!40000 ALTER TABLE `mercado` ENABLE KEYS */;
UNLOCK TABLES;

--
-- Table structure for table `produto`
--

DROP TABLE IF EXISTS `produto`;
/*!40101 SET @saved_cs_client     = @@character_set_client */;
/*!40101 SET character_set_client = utf8 */;
CREATE TABLE `produto` (
  `id_produto` varchar(225) NOT NULL,
  `nome` varchar(300) DEFAULT NULL,
  PRIMARY KEY (`id_produto`)
) ENGINE=InnoDB DEFAULT CHARSET=utf8mb4 COLLATE=utf8mb4_general_ci;
/*!40101 SET character_set_client = @saved_cs_client */;

--
-- Dumping data for table `produto`
--

LOCK TABLES `produto` WRITE;
/*!40000 ALTER TABLE `produto` DISABLE KEYS */;
INSERT INTO `produto` VALUES ('0','0'),('0130847f-d094-4b00-9aaf-fe024e729280','Refrigerante Fanta Laranja 2l'),('01a5b65f-5aba-4854-a08e-e87e2172c073','Refrigerante De Laranja Light Max 2l'),('02546b87-d1ec-4c64-ae1b-b7c4c75f5bce','Refrigerante +XP sem Açúcar League of Legends Coca-Cola Creations Lata 310ml'),('03afc0dd-81ab-4e70-8992-07c1ac352f7c','Refrigerante Citrus Fruki Sabores Intensos Garrafa 1,5l'),('060b3b7a-c014-4db0-8678-21ee4c809c8f','Refrigerante Fanta Uva Lata 350ml'),('062ca319-8c3e-4bbe-845d-a25fa8057e39','Refrigerante Guaraná Antarctica Garrafa 600ml'),('0635e4f3-e898-421e-adde-8b4af98128c8','Refrigerante Pepsi Black Sem Açúcar Lata 350ml'),('08dfeb56-07ac-43e9-9afc-ea2000d73c02','Refrigerante Lemon Fresh Sem Açúcar Sprite Garrafa 510ml'),('0940f91c-b483-4cd4-99aa-002a9622ecec','Refrigerante Fanta Laranja Zero Pet 2l'),('09953466-c898-4736-8050-e26426b846f2','Refrigerante Guaraná e Bergamota Zero Açúcar Fruki Lata 350ml'),('0a971e49-36e4-4155-9f2c-736336817f53','Refrigerante Ginger Ale Schweppes Lata 220ml'),('0aa01103-9baf-4c0a-81fe-75d9527756ed','Refresco Limão Zero Açúcar Frukito Garrafa 200ml'),('0ad0834f-0ceb-430a-a431-be79b95eed01','Refrigerante Max Framboesa Pet 2l'),('0ee64154-0ce9-465b-8bd9-c79231bf2cce','Refrigerante Coca Cola Lata 350ml'),('10c55593-e204-41b5-8805-823da2f1fe04','Refrigerante Coca Cola Original Pet 2,5l'),('128885ed-819e-40de-bf74-672201be57cb','Refrigerante Pepsi Pet 200ml'),('15d38076-2510-44d2-a4dd-d6f25bf9f053','Refrigerante Laranja Fanta Garrafa 200ml'),('179bb3eb-bcf3-4248-bd72-8e826ad72214','Refrigerante De Uva Fanta 350ml'),('1861e1c0-df5b-4577-aa36-3227c8d0f453','Refrigerante Guaraná Zero Açúcar Fruki Garrafa 2l'),('1a63ee42-6cdd-44c6-8b84-03260faa4a80','Refrigerante de Frutas Citricas Frukito Pet 200ml'),('1aca11eb-e937-4a1e-bdd8-e50fa2d5b8f7','Refrigerante Max Limão Pet 2l'),('1b95cc59-3fd2-4771-8d0d-8fbcc49ee5bf','Refrigerante Guaraná Antarctica Sem Açúcar Garrafa 2l'),('1c2d370d-745e-4873-9b92-d7be1009eb70','Refrigerante Pet Coca Cola 2l Com 4 Unidades'),('1c5f5215-10ee-4ba7-9d19-c0af17a8bab9','Refrigerante Guaraná Antarctica Garrafa 2l'),('1ce0ea84-21e4-4f8f-aabc-efb274bacf1e','Refrigerante Guaraná Fruki Lata 350ml'),('1db340eb-7db7-4c83-9983-2a3f93d056c3','Refrigerante Guaraná Antarctica Sem Açúcar Garrafa 600ml'),('1e64cdf2-6b62-4c62-aa1c-f66d94a97652','Refrigerante Pepsi Black Zero Pet 2L'),('1f32445f-6c95-4844-aca3-9a5859722bc9','Refrigerante Sukita Uva Lata 350ml'),('1ff2be5f-46a0-4ecd-b98e-f5148a7abee9','Refrigerante Guaraná e Bergamota Fruki Lata 350ml Edição Limitada'),('21f494ec-046b-449d-bd0e-c95ccfd1b5d4','Refrigerante Coca Cola Pet 600ml'),('23d1f4f2-9585-4def-81f7-63ebaa5a7497','Refrigerante Fanta Maracujá 2l'),('23ea014e-d8f6-45c3-b782-b4f14d2ab523','Refrigerante Pepsi Lata 350ml'),('24e8dfe5-b54f-41b6-a04c-6dc57f0cb624','Refrigerante Max Uva Pet 2l'),('24ea547c-36a3-40fc-9c67-b3aa5d869d29','Refrigerante Limoneto H2OH Pet 1,5L'),('2653000d-1c5d-4dd4-933f-a186465fd6aa','Refrigerante De Uva Fanta 2l'),('2bfaa99f-ebd8-4aae-a074-a71887e6e4fa','Refrigerante Cola Zero Açúcar Pepsi Black Garrafa 1,5l'),('2d1da929-45b0-4d2b-9e12-b33750acda0c','Refrigerante Coca-Cola Sem Açúcar Lata 310ml'),('2d8d1073-9f98-4de2-b3c2-1f207f40ab0f','Refrigerante Sukita Tubaína Pet 2L'),('2d9b9f07-e990-4950-a315-e10225cf72fa','Refrigerante Fanta Laranja 1,5l'),('2dd07253-e4d8-42a7-a934-8a3e65fa7b6e','Refrigerante Citrus Fruki Sabores Intensos Lata 350ml'),('2e27685d-8119-438f-9bb2-b2c80bc84900','Refrigerante Fanta Laranj Pet 200ml'),('2fad10cd-bc37-4cee-89b4-2620757885c8','Refrigerante Maracujá Fanta Garrafa 2l'),('31c70001-760b-4a76-8abb-d382a62ea530','Refrigerante Pepsi Pet 2L'),('34dae689-11b0-4ec2-9257-9c466db304b3','Refrigerante Guaraná Fruki Garrafa 2l'),('35693c37-758e-469a-acf5-6502a602d7be','Refrigerante Pepsi Cola Black Sem Açúcar Pet 200ml'),('3606bfa1-e980-4be7-8324-0cd3ade8082a','Refrigerante Limão Sprite Lata 220ml'),('37bd2662-740b-499c-9763-2f90e2e3ed6a','Refrigerante Max Guaraná Pet 2l'),('3853d77e-0f45-4a30-bc5e-d2ebd88abba3','Refrigerante Coca-Cola Garrafa 250ml'),('3aac694b-2518-44ba-8433-429f33975c5f','Refrigerante Fanta Guaraná Pet 200ml'),('3c36f22f-11b0-4bde-bdd4-6e21454aeca6','Refrigerante Coca-Cola Sem Açúcar Lata 220ml'),('3dcb7eed-00d3-4356-8867-f45abf78d4b1','Refrigerante Guaraná Antarctica Zero Lata 350ml'),('409e88b1-5aac-4af5-894a-f884f6ce6268','Refrigerante Fanta Guaraná Pet 1,5l'),('431c1f15-bda4-47ba-befd-3eb806d07b52','Refrigerante Sprite Limão Lata 350ml'),('45476952-fdcd-47ae-a9b9-a5f17fefc432','Refrigerante Fanta Guaraná Lata 350ml'),('45ea3d6e-58a7-4f0b-bbe6-9ae4c684bfab','Refrigerante Coca-Cola Lata 350ml Fardo 6 Unidades'),('481c9d45-139a-49fe-a9ff-c7ee56e7b356','Refrigerante Guaraná FYs Lata 350ml'),('4874fd88-40e7-43ec-b684-cf000b04316f','Refrigerante sem Açúcar Coca-Cola Zero Garrafa 2L'),('49c303be-8048-410a-afb3-52139fb6414a','Refrigerante Pepsi Cola Pet 200ml'),('49d8346a-5331-4ad3-9609-f541ccac6d3d','Refrigerante Guaraná Fanta Garrafa 200ml'),('4bfbebfd-1182-4ef8-932b-4b51d647a4db','Refrigerante Guaraná Kuat Garrafa 2L'),('4c8519ef-5a99-4119-9b6f-f183ec845165','Refrigerante Fanta Laranja Zero Lata 350ml'),('4dd3900a-2816-4e02-8d1c-647edef21179','Refrigerante Soda Limonada Antarctica Lata 350ml'),('4f26e5b1-a131-4a15-bb2b-7433aeae43e8','Refrigerante Limonada Soda Antarctica Garrafa 200ml'),('5180caf5-594f-4252-9b88-59e412054ee0','Refrigerante Guaraná Antarctica Pet 1,5L'),('531a404d-b82c-499c-97a2-3e5bcd76b2d7','Refrigerante Guaraná Antarctica Pet 200ml'),('53536df4-c99e-48be-a9a1-50a463f33458','Refrigerante Coca-Cola Garrafa 200ml'),('54a750ca-7a05-459e-b0c5-ae7167bafde5','Refrigerante Coca Cola Zero Lata 350ml'),('54cef3f9-0a97-40bc-9817-6c7e1a2682d0','Refrigerante Coca-Cola Lata 220ml'),('5504f859-86dd-4105-ae79-7b68e629570e','Refrigerante Guaraná Fruki Garrafa 200ml'),('552864ef-f5cc-4839-b706-b1abde9d56b5','Refrigerante Limão Sprite Garrafa 600ml'),('5630873b-01f4-44b8-b791-905fe985d23e','Refrigerante Pepsi Twist Pet 2L'),('58435eb1-44b1-43ce-97fd-63f5a5c57099','Refrigerante Água da Serra Laranjinha Pet 2L'),('59f82f9a-8ea7-4292-9eea-58409cf98667','Refrigerante Kuat Guaraná Pet 600ml'),('5b6d888e-113b-45bb-8d41-07e01f826844','Refrigerante Coca-Cola Sem Açúcar Lata 350ml'),('5c65cf2d-6c7b-43fc-b87b-7594795d140d','Refrigerante Guaraná Fanta Lata 350ml'),('5df6af7c-c328-411b-82da-c96e1902c1f3','Refrigerante Coca Cola Lata 220ml'),('5e3ab38e-d29d-432d-90c0-b2ec769711dc','Refrigerante Blueberry ST Pierre Garrafa 275ml'),('601147a4-3134-4160-82bf-d979d0603c40','Refrigerante Soda Limonada Antarctica Garrafa 2l'),('60f436b5-943b-4a90-8dc8-2e8e43ce3283','Refrigerante Laranja Zero Adição de Açúcar Fanta Garrafa 2L'),('61df420b-94a3-44a0-a46a-9723858e24a2','Refrigerante Schweppes Citrus Lata 350ml'),('6369e4d9-5443-4545-8b63-f7f5f177ff18','Refrigerante Guaraná Antarctica Garrafa 3l'),('65a433ce-f133-49fc-9335-4658a463c85f','Refrigerante Uva Fruki Garrafa 2L'),('73206304-08e4-4101-bf49-cb0e080d7eab','Refrigerante Pepsi Garrafa 600ml'),('743a8d13-0823-4324-9cb0-7fb5f4fac408','Refrigerante Limão Fruki Garrafa 2L'),('753b88b4-5ef5-4adb-82b5-c262b1d9a23a','Refrigerante Coca Cola Original 1,5l'),('75cbc931-bb4f-4d6f-866d-dfaa36d1982c','Refrigerante Mistério Fanta Lata 350ml'),('764898a5-a256-4c61-8b7a-4dc60c7099cb','Refrigerante Coca-Cola Café Expresso Lata 220ml'),('788affec-3108-4dfe-bc71-2ee8b7e23954','Refrigerante Sukita Laranja Pet 2L'),('7abfe2ae-852d-4ccc-9714-5c40035c890e','Refrigerante Limão sem Açúcar Sprite Lata 350ml'),('7b3152ea-7ac0-4b8f-8784-0c8a12337c5b','Refrigerante Cola Fruki Lata 350ml'),('7c2aa2bf-067d-4924-834b-fd399fd447f3','Refrigerante Antarctica Guaraná+Pepsi 2l'),('7cc539e9-3221-4114-b4f1-1e22ec66a5ff','Refrigerante Limão Sukita Garrafa 2l'),('7d83a295-15f5-42f5-b458-596a54c4501f','Refrigerante H2OH! Limão Pet 500ml'),('7e9a2172-7e1f-4b51-a522-841be5ebf04e','Refrigerante Fanta Maracujá Lata 350ml'),('816ce502-a125-4c48-b833-1a48cf27c53a','Refrigerante Guaraná Antarctica Zero pet 2L'),('8595980b-9b12-423e-946d-60c42b1fe226','Refrigerante Kuat Guaraná Lata 350ml'),('885fcd4a-e27c-421f-9d06-24b207303b84','Refrigerante Coca Cola Zero Pet 1,5l'),('8b1984d4-b94c-49f3-8ff4-ccf800172b23','Refrigerante Laranja Fanta Garrafa Retornável 2l'),('8c6801dd-f774-47b9-b93b-94e5b7f0c761','Refrigerante Guaraná Antarctica Garrafa 200ml'),('8d09c4a1-dc63-4865-8060-13e0d9c570d4','Refrigerante Coca Cola Zero Pet 2 Litros'),('8e092bde-9784-4c51-8c57-920ec6a0b52d','Refrigerante Guaraná Antarctica Zero Pet 600ml'),('8f02d10c-4fea-4747-a00e-d52db63d350f','Refrigerante Ginger ST Pierre Garrafa 275ml'),('905335e4-1531-49c9-beb5-09104c6d9b08','Refrigerante Fanta Laranja Lata 220ml'),('947b5662-a623-4021-b494-34047135e61d','Refrigerante Pepsi Garrafa 2l'),('95464944-2dbc-4da1-91aa-489e294b027b','Refrigerante sem Açúcar Coca-Cola Garrafa 1,5L'),('97a10b12-4674-4768-9af2-31869d432318','Refrigerante Max Laranja Pet 2l'),('97d37b3f-cb20-4f3d-994c-26594da47143','Refrigerante Zero Açúcar Pepsi Black Garrafa 200ml'),('9a7a7cd4-da5e-421b-9bce-2b7e48eaea18','Refrigerante Laranjinha Fruki Garrafa 2L'),('9b7fdfde-2bef-46bf-a297-6f66b08f7aa6','Refrigerante Coca Cola Pet 2l'),('9d6067a0-2a98-447c-b100-f7f1b5702ec4','Refrigerante Coca-Cola Garrafa 2,5l Embalagem Econômica'),('9ee42c39-2f14-4638-a0b0-6050ae6053bc','Refrigerante Guaraná Antarctica 350ml'),('9f2af116-9090-49e9-ae1e-513c48a17e75','Refrigerante Laranja Fanta Garrafa 1,5l'),('a81f406f-5c69-4b49-bed6-8ab46bded871','Refrigerante Fanta Laranja 600ml'),('a837afeb-cc11-4128-ba0c-508cd78383da','Refrigerante Coca Cola Com Café Lata 220ml'),('a97d4aed-2c92-40ff-91fc-5812a1ed05ad','Refrigerante Schweppes Citrus Zero Açúcar Lata 350ml'),('a9d98cea-b005-4112-adce-a788a789f5ec','Refrigerante Coca Cola+Fanta Laranja Leve+ Pague- Com 2 Unidades 2l'),('ae06c762-2771-4333-8b28-fbdee54993f1','Refrigerante De Laranja Max Laranjinha 2l'),('b1fe781e-a45d-485f-92be-f54f4827fa28','Refrigerante Guaraná Antarctica 310ml'),('b30d51f8-8b05-42ea-b750-602f27f4bf68','Refrigerante sem Açúcar Coca-Cola Garrafa 200ml'),('b313b76c-6779-4031-881f-1e1c800310e2','Refrigerante Sukita Uva Pet 2L'),('b3b26f47-c0f8-40c7-b079-0fc11800115b','Refrigerante Tubaina Max Pet 2l'),('b613ad7b-53e6-4880-a095-8bd1da2b651c','Refrigerante Fanta Guaraná Pet 2l'),('b89061e7-8324-415c-b517-1f53d607ce28','Refrigerante Cola Zero Açúcar Fruki Garrafa 2l'),('b92fca9c-0ca5-4ee8-b065-5eed6939dd12','Refrigerante Red Mint ST.Pierre Garrafa 275ml'),('bdf277fa-4a76-4323-b7ef-a6862bf6329f','Refrigerante Guaraná Antarctica Garrafa 1,5l'),('be25fcb4-41e0-445c-8a50-48090024dd03','Refrigerante Guaraná Wewi Orgânico Garrafa 255ml'),('beff6719-5e0b-4438-bb36-fe9f66f16569','Refrigerante Limão sem Açúcar Sprite Garrafa 2l'),('c3fe9e8e-ad15-408a-87b2-ee71d2bdd698','Refrigerante Coca Cola Zero Pet 600ml'),('c59f85d8-435f-4bbb-835f-6a91997d2b39','Refrigerante Coca Cola Zero Lata 310ml'),('c9ac4d7c-808f-4654-ae10-1dbc1f81446e','Refrigerante Cola Pepsi Lata 310ml'),('cb221e3c-7232-4081-a95a-4ae3df95ee82','Refrigerante Água da Serra Framboesa Pet 2L'),('ce83008d-1ee2-4b90-91b9-31dfc6cedc6c','Refrigerante Schweppes Citrus 1,5l'),('ceb14a84-ea9b-4e5e-914c-b1f5ccb64cdf','Refrigerante Coca Cola Lata 310ml'),('cf5d24b6-0fa8-40a3-8b16-ca045ad79ab0','Refrigerante Pink Lemonade ST Pierre Garrafa 275ml'),('d0cc18cb-5e6d-4ddb-81c2-d96c7f26814d','Refrigerante Cola Fruki Garrafa 2l'),('d1636088-e929-4813-8338-f562974a1c03','Refrigerante H2OH! Limão Pet 1,5L'),('dacf38ad-9c05-4cdc-a6b0-6af655cb809b','Refrigerante Limão Siciliano FYs Lata 350ml'),('dcc9820f-a589-4460-a263-0d15498241c4','Refrigerante Pepsi Garrafa 3l'),('dea1a15f-2d7b-4ee1-8cf2-2e2844b87a27','Refrigerante Coca Cola Mini Pet 200ml'),('e1b3d8c2-3837-43e3-8b5d-71f06579208e','Refrigerante Maracujá Fanta Lata 350ml'),('e4fa7095-1711-4544-bbed-ce6913cd180b','Refrigerante Sukita Laranja Lata 350ml'),('e59a8850-e72c-4e42-b063-fc42a2a0df5e','Refrigerante Guaraná Fanta Garrafa 2L'),('e6fd8532-a42a-498b-b130-64305ceba4d8','Refrigerante Pepsi Pet 1,5L'),('f20a29d6-5c40-4759-a3e8-c37dbce30b82','Refrigerante Limoneto H2OH Pet 500ml'),('f25e86a5-9fc1-498d-96c2-285e23009cdd','Refrigerante Pepsi Twist Lata 350ml'),('f57087fe-9615-439e-a2db-3c2dac7a5da9','Refrigerante Guaraná Zero Adição de Açúcar Fanta Lata 350ml'),('f656bd33-8010-4823-952e-6caf7d8d4d5f','Refrigerante Coca Cola Pet 3l'),('f981f599-bce2-4d54-bbb9-63e362a69e1c','Refrigerante Guaraná Zero Açúcar Fruki Garrafa 200ml'),('f9e8cd41-0ddc-48fa-afa8-a51fc3cabe9c','Refrigerante Fanta Uva Pet 2L'),('fa2094f4-7ae2-4c98-bc1f-bb20e0bf0bd3','Refrigerante sem Açúcar Coca-Cola Garrafa 600ml'),('fb4a0552-e68d-44bd-b9d0-af7a174305d9','Refrigerante Coca-Cola Sem Açucar Retornável Pet 2L'),('fc8100b3-983f-4e3f-bf4c-4f69a433e1e7','Refrigerante Laranja Fruki Garrafa 2L'),('fe1ea13e-8f5c-4f1d-9bc9-49ef21913dad','Refrigerante Fanta Laranja Lata 350ml');
/*!40000 ALTER TABLE `produto` ENABLE KEYS */;
UNLOCK TABLES;

--
-- Table structure for table `produto_mercado`
--

DROP TABLE IF EXISTS `produto_mercado`;
/*!40101 SET @saved_cs_client     = @@character_set_client */;
/*!40101 SET character_set_client = utf8 */;
CREATE TABLE `produto_mercado` (
  `id_produto_mercado` int(10) NOT NULL AUTO_INCREMENT,
  `id_mercado` int(11) NOT NULL,
  `id_produto` varchar(225) DEFAULT NULL,
  `nome` varchar(300) NOT NULL,
  `preco` decimal(10,2) NOT NULL,
  `link` varchar(500) NOT NULL,
  `link_img` varchar(500) DEFAULT NULL,
  PRIMARY KEY (`id_produto_mercado`,`id_mercado`),
  KEY `fk_produto_mercado_idx` (`id_mercado`),
  KEY `fk_produto_mercado_produto1_idx` (`id_produto`),
  CONSTRAINT `fk_produto_mercado` FOREIGN KEY (`id_mercado`) REFERENCES `mercado` (`id_mercado`) ON DELETE NO ACTION ON UPDATE NO ACTION,
  CONSTRAINT `fk_produto_mercado_produto1` FOREIGN KEY (`id_produto`) REFERENCES `produto` (`id_produto`) ON DELETE NO ACTION ON UPDATE NO ACTION
) ENGINE=InnoDB AUTO_INCREMENT=4851 DEFAULT CHARSET=utf8mb4 COLLATE=utf8mb4_general_ci;
/*!40101 SET character_set_client = @saved_cs_client */;

--
-- Dumping data for table `produto_mercado`
--

LOCK TABLES `produto_mercado` WRITE;
/*!40000 ALTER TABLE `produto_mercado` DISABLE KEYS */;
INSERT INTO `produto_mercado` VALUES (4202,1,'0aa01103-9baf-4c0a-81fe-75d9527756ed','Refresco Limão Zero Açúcar Frukito Garrafa 200ml',1.59,'https://www.minhacooper.com.br/loja/centro-timbo/produto/2725819/refresco-limao-zero-acucar-frukito-garrafa-200ml','https://d8vlg9z1oftyc.cloudfront.net/minhacooper/image/product/6cfd2a9024a168fa574ef96a7867e73920230405161945/180/refresco-limao-zero-acucar-frukito-garrafa-200ml_4255.jpg'),(4203,1,'02546b87-d1ec-4c64-ae1b-b7c4c75f5bce','Refrigerante +XP sem Açúcar League of Legends Coca-Cola Creations Lata 310ml',3.19,'https://www.minhacooper.com.br/loja/centro-timbo/produto/2810948/refrigerante-xp-sem-acucar-league-of-legends-coca-cola-creations-lata-310ml','https://d8vlg9z1oftyc.cloudfront.net/minhacooper/image/product/210459edeb21c05c8645897bbc2ccd2420230731153951/180/refrigerante-xp-sem-acucar-league-of-legends-coca-cola-creations-lata-310ml_5448.jpg'),(4204,1,'cb221e3c-7232-4081-a95a-4ae3df95ee82','Refrigerante Água da Serra Framboesa Pet 2L',5.79,'https://www.minhacooper.com.br/loja/centro-timbo/produto/1854720/refrigerante-agua-da-serra-framboesa-pet-2l','https://d8vlg9z1oftyc.cloudfront.net/minhacooper/image/product/dc822bf6f3b798bd0050b244069de89720191114112728/180/refrigerante-agua-da-serra-framboesa-pet-2l_9131.jpg'),(4205,1,'58435eb1-44b1-43ce-97fd-63f5a5c57099','Refrigerante Água da Serra Laranjinha Pet 2L',5.79,'https://www.minhacooper.com.br/loja/centro-timbo/produto/1854640/refrigerante-agua-da-serra-laranjinha-pet-2l','https://d8vlg9z1oftyc.cloudfront.net/minhacooper/image/product/36216cd7820b135bb4f3857f07c1a2d220191114112728/180/refrigerante-agua-da-serra-laranjinha-pet-2l_9147.jpg'),(4206,1,'5e3ab38e-d29d-432d-90c0-b2ec769711dc','Refrigerante Blueberry ST Pierre Garrafa 275ml',4.49,'https://www.minhacooper.com.br/loja/centro-timbo/produto/2834146/refrigerante-blueberry-st-pierre-garrafa-275ml','https://d8vlg9z1oftyc.cloudfront.net/minhacooper/image/product/f35b6a4fba7d45449e5c6cbd9ea35e2620230912135748/180/refrigerante-blueberry-st-pierre-garrafa-275ml_8389.jpg'),(4207,1,'03afc0dd-81ab-4e70-8992-07c1ac352f7c','Refrigerante Citrus Fruki Sabores Intensos Garrafa 1,5l',5.39,'https://www.minhacooper.com.br/loja/centro-timbo/produto/1944797/refrigerante-fruki-citrus-pet-1-5l','https://d8vlg9z1oftyc.cloudfront.net/minhacooper/image/product/9eece9992dd594f8a5005c6062e35f4c20191114113354/180/refrigerante-fruki-citrus-pet-1-5l_1452.jpg'),(4208,1,'2dd07253-e4d8-42a7-a934-8a3e65fa7b6e','Refrigerante Citrus Fruki Sabores Intensos Lata 350ml',2.89,'https://www.minhacooper.com.br/loja/centro-timbo/produto/1944819/refrigerante-fruki-citrus-lata-350ml','https://d8vlg9z1oftyc.cloudfront.net/minhacooper/image/product/ec52fea5e661ff83168f0263c6c602b920191114113354/180/refrigerante-fruki-citrus-lata-350ml_8720.jpg'),(4209,1,'9b7fdfde-2bef-46bf-a297-6f66b08f7aa6','Refrigerante Coca Cola + Vasilhame de 2L',11.36,'https://www.minhacooper.com.br/loja/centro-timbo/produto/2812363/refrigerante-coca-cola-vasilhame-de-2l','https://d8vlg9z1oftyc.cloudfront.net/minhacooper/image/product/f8c7ca5f202e4ac2e523dbe251c4edef20230802083349/180/refrigerante-coca-cola-vasilhame-de-2l_1414.jpg'),(4210,1,'9b7fdfde-2bef-46bf-a297-6f66b08f7aa6','Refrigerante Coca Cola Zero + Vasilhame de 2L',11.36,'https://www.minhacooper.com.br/loja/centro-timbo/produto/2812398/refrigerante-coca-cola-zero-vasilhame-de-2l','https://d8vlg9z1oftyc.cloudfront.net/minhacooper/image/product/f530565d085afd873c369a7c4ebc7bad20230802083351/180/refrigerante-coca-cola-zero-vasilhame-de-2l_2764.jpg'),(4211,1,'764898a5-a256-4c61-8b7a-4dc60c7099cb','Refrigerante Coca-Cola Café Expresso Lata 220ml',2.39,'https://www.minhacooper.com.br/loja/centro-timbo/produto/1879812/refrigerante-coca-cola-cafe-expresso-lata-220ml','https://d8vlg9z1oftyc.cloudfront.net/minhacooper/image/product/a1b9219b0d28e82e5076b140a77c7ee320191114112914/180/refrigerante-plus-cafe-espresso-coca-cola-lata-220ml_2100.jpg'),(4212,1,'9d6067a0-2a98-447c-b100-f7f1b5702ec4','Refrigerante Coca-Cola Garrafa 2,5l Embalagem Econômica',10.99,'https://www.minhacooper.com.br/loja/centro-timbo/produto/854336/refrigerante-coca-cola-garrafa-2-5l-embalagem-economica','https://d8vlg9z1oftyc.cloudfront.net/minhacooper/image/product/6d3124d5c82af6d2a5daf224f029642f20191114100007/180/refrigerante-coca-cola-garrafa-2-5l-embalagem-economica_5544.jpg'),(4213,1,'53536df4-c99e-48be-a9a1-50a463f33458','Refrigerante Coca-Cola Garrafa 200ml',1.65,'https://www.minhacooper.com.br/loja/centro-timbo/produto/1920847/refrigerante-coca-cola-garrafa-200ml','https://d8vlg9z1oftyc.cloudfront.net/minhacooper/image/product/e67c7099911833ef88c8fc842ef5e2d920191114113231/180/refrigerante-coca-cola-garrafa-200ml_8415.jpg'),(4214,1,'3853d77e-0f45-4a30-bc5e-d2ebd88abba3','Refrigerante Coca-Cola Garrafa 250ml',3.18,'https://www.minhacooper.com.br/loja/centro-timbo/produto/1852027/refrigerante-coca-cola-garrafa-250ml','https://d8vlg9z1oftyc.cloudfront.net/minhacooper/image/product/7be05e63dc3a7c4b2c03981c44119b9520191114112716/180/refrigerante-coca-cola-garrafa-250ml_5828.jpg'),(4215,1,'8d09c4a1-dc63-4865-8060-13e0d9c570d4','Refrigerante Coca-Cola Garrafa 2L',9.49,'https://www.minhacooper.com.br/loja/centro-timbo/produto/2444275/refrigerante-coca-cola-original-garrafa-2l','https://d8vlg9z1oftyc.cloudfront.net/minhacooper/image/product/35ea4b53a3bc1f263f9b4614627ef0e720210913160356/180/refrigerante-coca-cola-original-garrafa-2l_4288.jpg'),(4216,1,'c3fe9e8e-ad15-408a-87b2-ee71d2bdd698','Refrigerante Coca-Cola Garrafa 600ml',4.49,'https://www.minhacooper.com.br/loja/centro-timbo/produto/474185/refrigerante-coca-cola-garrafa-600ml','https://d8vlg9z1oftyc.cloudfront.net/minhacooper/image/product/7c6d9641740bb400adedaa1e9513e7d820191114094445/180/refrigerante-coca-cola-garrafa-600ml_3869.jpg'),(4217,1,'8d09c4a1-dc63-4865-8060-13e0d9c570d4','Refrigerante Coca-Cola Garrafa Retornável 2l',6.29,'https://www.minhacooper.com.br/loja/centro-timbo/produto/471011/refrigerante-coca-cola-retornavel-pet-2l','https://d8vlg9z1oftyc.cloudfront.net/minhacooper/image/product/0dbec677b208a874b9150816da83b09720191114094437/180/refrigerante-coca-cola-retornavel-pet-2l_9914.jpg'),(4218,1,'54cef3f9-0a97-40bc-9817-6c7e1a2682d0','Refrigerante Coca-Cola Lata 220ml',2.39,'https://www.minhacooper.com.br/loja/centro-timbo/produto/1774280/refrigerante-coca-cola-lata-220ml','https://d8vlg9z1oftyc.cloudfront.net/minhacooper/image/product/5d58359afac59d4f4062203c0fa2d76a20191114112140/180/refrigerante-coca-cola-lata-220ml_8424.jpg'),(4219,1,'c59f85d8-435f-4bbb-835f-6a91997d2b39','Refrigerante Coca-Cola Lata 310ml',2.79,'https://www.minhacooper.com.br/loja/centro-timbo/produto/1646397/refrigerante-coca-cola-lata-310ml','https://d8vlg9z1oftyc.cloudfront.net/minhacooper/image/product/1f3869e1210edd1452f4450504490e0c20191114111451/180/refrigerante-coca-cola-lata-310ml_1670.jpg'),(4220,1,'54a750ca-7a05-459e-b0c5-ae7167bafde5','Refrigerante Coca-Cola Lata 350ml',3.79,'https://www.minhacooper.com.br/loja/centro-timbo/produto/10332/refrigerante-coca-cola-lata-350ml','https://d8vlg9z1oftyc.cloudfront.net/minhacooper/image/product/8b10277507182c0ad8ec8e9972d0901b20191114093020/180/refrigerante-coca-cola-lata-350ml_4826.jpg'),(4221,1,'45ea3d6e-58a7-4f0b-bbe6-9ae4c684bfab','Refrigerante Coca-Cola Lata 350ml Fardo 6 Unidades',20.59,'https://www.minhacooper.com.br/loja/centro-timbo/produto/250090/refrigerante-coca-cola-lata-350ml-fardo-6-unidades','https://d8vlg9z1oftyc.cloudfront.net/minhacooper/image/product/70e347493afa052a62aa75799db9a86e20191114093542/180/refrigerante-coca-cola-lata-350ml-fardo-6-unidades_5937.jpg'),(4222,1,'885fcd4a-e27c-421f-9d06-24b207303b84','Refrigerante Coca-Cola Pet 1,5L',7.79,'https://www.minhacooper.com.br/loja/centro-timbo/produto/971642/refrigerante-coca-cola-pet-1-5l','https://d8vlg9z1oftyc.cloudfront.net/minhacooper/image/product/d992df4b595cf828d911da5e103c3ec620191114102838/180/refrigerante-coca-cola-pet-1-5l_6910.jpg'),(4223,1,'3c36f22f-11b0-4bde-bdd4-6e21454aeca6','Refrigerante Coca-Cola Sem Açúcar Lata 220ml',2.39,'https://www.minhacooper.com.br/loja/centro-timbo/produto/1936441/refrigerante-coca-cola-sem-acucar-lata-220ml','https://d8vlg9z1oftyc.cloudfront.net/minhacooper/image/product/8312991e16a0dc9f800ea0b683af0d7320191114114237/180/refrigerante-coca-cola-sem-acucar-lata-220ml_8500.jpg'),(4224,1,'2d1da929-45b0-4d2b-9e12-b33750acda0c','Refrigerante Coca-Cola Sem Açúcar Lata 310ml',2.79,'https://www.minhacooper.com.br/loja/centro-timbo/produto/1815768/refrigerante-coca-cola-sem-acucar-lata-310ml','https://d8vlg9z1oftyc.cloudfront.net/minhacooper/image/product/ebbec05df6e2870efe8917a7e974461720191114112422/180/refrigerante-coca-cola-sem-acucar-lata-310ml_3911.jpg'),(4225,1,'5b6d888e-113b-45bb-8d41-07e01f826844','Refrigerante Coca-Cola Sem Açúcar Lata 350ml',3.79,'https://www.minhacooper.com.br/loja/centro-timbo/produto/909971/refrigerante-coca-cola-sem-acucar-lata-350ml','https://d8vlg9z1oftyc.cloudfront.net/minhacooper/image/product/ce4bf7529e9c236fc04fc6bdde4142b020191114110444/180/refrigerante-coca-cola-sem-acucar-lata-350ml_7469.jpg'),(4226,1,'fb4a0552-e68d-44bd-b9d0-af7a174305d9','Refrigerante Coca-Cola Sem Açucar Retornável Pet 2L',6.29,'https://www.minhacooper.com.br/loja/centro-timbo/produto/1999990/refrigerante-coca-cola-sem-acucar-retornavel-pet-2l','https://d8vlg9z1oftyc.cloudfront.net/minhacooper/image/product/b95ab8dde6aa7ca37f3b6312f8afa74720191114113750/180/refrigerante-coca-cola-sem-acucar-retornavel-pet-2l_3914.jpg'),(4227,1,'d0cc18cb-5e6d-4ddb-81c2-d96c7f26814d','Refrigerante Cola Fruki Garrafa 2l',4.99,'https://www.minhacooper.com.br/loja/centro-timbo/produto/2326124/refrigerante-cola-fruki-garrafa-2l','https://d8vlg9z1oftyc.cloudfront.net/minhacooper/image/product/b74f8b3621fde9c67f06386ac068fc9220210218155158/180/refrigerante-cola-fruki-garrafa-2l_8788.jpg'),(4228,1,'7b3152ea-7ac0-4b8f-8784-0c8a12337c5b','Refrigerante Cola Fruki Lata 350ml',2.39,'https://www.minhacooper.com.br/loja/centro-timbo/produto/2326140/refrigerante-cola-fruki-lata-350ml','https://d8vlg9z1oftyc.cloudfront.net/minhacooper/image/product/74516c3e3ea2887d51df50285a93857120210218155158/180/refrigerante-cola-fruki-lata-350ml_2671.jpg'),(4229,1,'c9ac4d7c-808f-4654-ae10-1dbc1f81446e','Refrigerante Cola Pepsi Lata 310ml',2.69,'https://www.minhacooper.com.br/loja/centro-timbo/produto/2519585/refrigerante-cola-pepsi-lata-310ml','https://d8vlg9z1oftyc.cloudfront.net/minhacooper/image/product/7e3515b5fa7bd836f35c55d8598ee9d220220218091619/180/refrigerante-cola-pepsi-lata-310ml_8957.jpg'),(4230,1,'b89061e7-8324-415c-b517-1f53d607ce28','Refrigerante Cola Zero Açúcar Fruki Garrafa 2l',4.99,'https://www.minhacooper.com.br/loja/centro-timbo/produto/2522551/refrigerante-cola-zero-acucar-fruki-garrafa-2l','https://d8vlg9z1oftyc.cloudfront.net/minhacooper/image/product/d667704e6d52140c91d59163743e399820220223084734/180/refrigerante-cola-zero-acucar-fruki-garrafa-2l_7138.jpg'),(4231,1,'2bfaa99f-ebd8-4aae-a074-a71887e6e4fa','Refrigerante Cola Zero Açúcar Pepsi Black Garrafa 1,5l',4.69,'https://www.minhacooper.com.br/loja/centro-timbo/produto/2842955/refrigerante-cola-zero-acucar-pepsi-black-garrafa-1-5l','https://d8vlg9z1oftyc.cloudfront.net/minhacooper/image/product/812194af84d39b8e14458b157ab9ea8a20231003160041/180/refrigerante-cola-zero-acucar-pepsi-black-garrafa-1-5l_5726.jpg'),(4232,1,'1a63ee42-6cdd-44c6-8b84-03260faa4a80','Refrigerante de Frutas Citricas Frukito Pet 200ml',1.59,'https://www.minhacooper.com.br/loja/centro-timbo/produto/2725789/refrigerante-de-frutas-citricas-frukito-pet-200ml','https://d8vlg9z1oftyc.cloudfront.net/minhacooper/image/product/4c01a27504fbe18e711e7ad862dee2f420230404135846/180/refrigerante-de-frutas-citricas-frukito-pet-200ml_8109.jpg'),(4233,1,'0130847f-d094-4b00-9aaf-fe024e729280','Refrigerante Fanta + Vasilhame de 2L',11.06,'https://www.minhacooper.com.br/loja/centro-timbo/produto/2812614/refrigerante-fanta-vasilhame-de-2l','https://d8vlg9z1oftyc.cloudfront.net/minhacooper/image/product/2badc4f9dd16d0e47ccace1d842ea08720230802103443/180/refrigerante-fanta-vasilhame-de-2l_8952.jpg'),(4234,1,'905335e4-1531-49c9-beb5-09104c6d9b08','Refrigerante Fanta Laranja Lata 220ml',2.29,'https://www.minhacooper.com.br/loja/centro-timbo/produto/1936468/refrigerante-fanta-laranja-lata-220ml','https://d8vlg9z1oftyc.cloudfront.net/minhacooper/image/product/79a7502437e95369cb2f8c506c19921420191114113322/180/refrigerante-fanta-laranja-lata-220ml_3649.jpg'),(4235,1,'fe1ea13e-8f5c-4f1d-9bc9-49ef21913dad','Refrigerante Fanta Laranja Lata 350ml',3.29,'https://www.minhacooper.com.br/loja/centro-timbo/produto/10340/refrigerante-fanta-laranja-lata-350ml','https://d8vlg9z1oftyc.cloudfront.net/minhacooper/image/product/1092aa68da2d1cdec4480204694b6bf320191114093414/180/refrigerante-fanta-laranja-lata-350ml_4659.jpg'),(4236,1,'0130847f-d094-4b00-9aaf-fe024e729280','Refrigerante Fanta Laranja Pet 2l',7.69,'https://www.minhacooper.com.br/loja/centro-timbo/produto/43419/refrigerante-fanta-laranja-pet-2l','https://d8vlg9z1oftyc.cloudfront.net/minhacooper/image/product/5a8ab10c38bad2d6b35b105e1347e80720191114101054/180/refrigerante-fanta-laranja-pet-2l_9377.jpg'),(4237,1,'a81f406f-5c69-4b49-bed6-8ab46bded871','Refrigerante Fanta Laranja Pet 600ml',3.99,'https://www.minhacooper.com.br/loja/centro-timbo/produto/820938/refrigerante-fanta-laranja-pet-600ml','https://d8vlg9z1oftyc.cloudfront.net/minhacooper/image/product/ee281bf33fd1a6a1f3ba982653f4a72b20191114095826/180/refrigerante-fanta-laranja-pet-600ml_7802.jpg'),(4238,1,'060b3b7a-c014-4db0-8678-21ee4c809c8f','Refrigerante Fanta Uva Lata 350ml',3.29,'https://www.minhacooper.com.br/loja/centro-timbo/produto/152706/refrigerante-fanta-uva-lata-350ml','https://d8vlg9z1oftyc.cloudfront.net/minhacooper/image/product/f6613b558922a0d231b11bfeaa95af6620191114093114/180/refrigerante-fanta-uva-lata-350ml_8886.jpg'),(4239,1,'f9e8cd41-0ddc-48fa-afa8-a51fc3cabe9c','Refrigerante Fanta Uva Pet 2L',7.69,'https://www.minhacooper.com.br/loja/centro-timbo/produto/43389/refrigerante-fanta-uva-pet-2l','https://d8vlg9z1oftyc.cloudfront.net/minhacooper/image/product/1d2b8632cfff915beb412238f32ddb3020191114093440/180/refrigerante-fanta-uva-pet-2l_2237.jpg'),(4240,1,'0a971e49-36e4-4155-9f2c-736336817f53','Refrigerante Ginger Ale Schweppes Lata 220ml',2.39,'https://www.minhacooper.com.br/loja/centro-timbo/produto/2519569/refrigerante-ginger-ale-schweppes-lata-220ml','https://d8vlg9z1oftyc.cloudfront.net/minhacooper/image/product/3c320f6e465ec0fd6052738e8238716d20220218091618/180/refrigerante-ginger-ale-schweppes-lata-220ml_6054.jpg'),(4241,1,'8f02d10c-4fea-4747-a00e-d52db63d350f','Refrigerante Ginger ST Pierre Garrafa 275ml',4.49,'https://www.minhacooper.com.br/loja/centro-timbo/produto/2834464/refrigerante-ginger-st-pierre-garrafa-275ml','https://d8vlg9z1oftyc.cloudfront.net/minhacooper/image/product/39c7e857a0743cb766186dd02e55495620230912134748/180/refrigerante-ginger-st-pierre-garrafa-275ml_1977.jpg'),(4242,1,'9ee42c39-2f14-4638-a0b0-6050ae6053bc','Refrigerante Guaraná Antarctica Lata 350ml',2.99,'https://www.minhacooper.com.br/loja/centro-timbo/produto/550736/refrigerante-guarana-antarctica-lata-350ml','https://d8vlg9z1oftyc.cloudfront.net/minhacooper/image/product/e58dcf8cd3bb6079099af2441265717b20191114101938/180/refrigerante-guarana-antarctica-lata-350ml_1038.jpg'),(4243,1,'5180caf5-594f-4252-9b88-59e412054ee0','Refrigerante Guaraná Antarctica Pet 1,5L',5.49,'https://www.minhacooper.com.br/loja/centro-timbo/produto/244511/refrigerante-guarana-antarctica-pet-1-5l','https://d8vlg9z1oftyc.cloudfront.net/minhacooper/image/product/f3ac6e3a71aaada82d4012703c6bde0b20191114093218/180/refrigerante-guarana-antarctica-pet-1-5l_8942.jpg'),(4244,1,'531a404d-b82c-499c-97a2-3e5bcd76b2d7','Refrigerante Guaraná Antarctica Pet 200ml',1.39,'https://www.minhacooper.com.br/loja/centro-timbo/produto/1929062/refrigerante-guarana-antarctica-pet-200ml','https://d8vlg9z1oftyc.cloudfront.net/minhacooper/image/product/c368e57ea149f5cee2242690f366658d20191114113310/180/refrigerante-guarana-antarctica-pet-200ml_3333.jpg'),(4245,1,'1c5f5215-10ee-4ba7-9d19-c0af17a8bab9','Refrigerante Guaraná Antarctica Pet 2L',7.69,'https://www.minhacooper.com.br/loja/centro-timbo/produto/36137/refrigerante-guarana-antarctica-pet-2l','https://d8vlg9z1oftyc.cloudfront.net/minhacooper/image/product/e7de01efaa3b082f78a2c63c68dcd14720191114093052/180/refrigerante-guarana-antarctica-pet-2l_9134.jpg'),(4246,1,'062ca319-8c3e-4bbe-845d-a25fa8057e39','Refrigerante Guaraná Antarctica Pet 600ml',3.79,'https://www.minhacooper.com.br/loja/centro-timbo/produto/496227/refrigerante-guarana-antarctica-pet-600ml','https://d8vlg9z1oftyc.cloudfront.net/minhacooper/image/product/450812a64467d47480af0d85214d8b9120191114094604/180/refrigerante-guarana-antarctica-pet-600ml_4965.jpg'),(4247,1,'3dcb7eed-00d3-4356-8867-f45abf78d4b1','Refrigerante Guaraná Antarctica Zero Lata 350ml',2.99,'https://www.minhacooper.com.br/loja/centro-timbo/produto/464309/refrigerante-guarana-antarctica-zero-lata-350ml','https://d8vlg9z1oftyc.cloudfront.net/minhacooper/image/product/a1d7fba98cad1903b988f8b11e99394120191114105320/180/refrigerante-guarana-antarctica-zero-lata-350ml_4006.jpg'),(4248,1,'816ce502-a125-4c48-b833-1a48cf27c53a','Refrigerante Guaraná Antarctica Zero pet 2L',7.69,'https://www.minhacooper.com.br/loja/centro-timbo/produto/448613/refrigerante-guarana-antarctica-zero-pet-2l','https://d8vlg9z1oftyc.cloudfront.net/minhacooper/image/product/64fa6cb28be5f66b96eac5eb3a7fc65420191114101617/180/refrigerante-guarana-antarctica-zero-pet-2l_4716.jpg'),(4249,1,'8e092bde-9784-4c51-8c57-920ec6a0b52d','Refrigerante Guaraná Antarctica Zero Pet 600ml',3.79,'https://www.minhacooper.com.br/loja/centro-timbo/produto/515833/refrigerante-guarana-antarctica-zero-pet-600ml','https://d8vlg9z1oftyc.cloudfront.net/minhacooper/image/product/f095f55e8b4ab92733c448fdc2617bbb20191114094707/180/refrigerante-guarana-antarctica-zero-pet-600ml_2876.jpg'),(4250,1,'1ff2be5f-46a0-4ecd-b98e-f5148a7abee9','Refrigerante Guaraná e Bergamota Fruki Lata 350ml Edição Limitada',2.39,'https://www.minhacooper.com.br/loja/centro-timbo/produto/2603403/refrigerante-guarana-e-bergamota-fruki-lata-350ml-edicao-limitada','https://d8vlg9z1oftyc.cloudfront.net/minhacooper/image/product/8769ee889fb1205c59a1878ab2b2c6f720220801101109/180/refrigerante-guarana-e-bergamota-fruki-lata-350ml-edicao-limitada_2307.jpg'),(4251,1,'09953466-c898-4736-8050-e26426b846f2','Refrigerante Guaraná e Bergamota Zero Açúcar Fruki Lata 350ml',2.39,'https://www.minhacooper.com.br/loja/centro-timbo/produto/2806134/refrigerante-guarana-e-bergamota-zero-acucar-fruki-lata-350ml','https://d8vlg9z1oftyc.cloudfront.net/minhacooper/image/product/ba2056529d5a31ebd57288d0dbfa3d5520230726103439/180/refrigerante-guarana-e-bergamota-zero-acucar-fruki-lata-350ml_5527.jpg'),(4252,1,'49d8346a-5331-4ad3-9609-f541ccac6d3d','Refrigerante Guaraná Fanta Garrafa 200ml',1.59,'https://www.minhacooper.com.br/loja/centro-timbo/produto/1921010/refrigerante-guarana-fanta-garrafa-200ml','https://d8vlg9z1oftyc.cloudfront.net/minhacooper/image/product/8a7944b78d46e3f62919725fa0ea6ab220191114113233/180/refrigerante-fanta-guarana-pet-200ml_6433.jpg'),(4253,1,'e59a8850-e72c-4e42-b063-fc42a2a0df5e','Refrigerante Guaraná Fanta Garrafa 2L',6.69,'https://www.minhacooper.com.br/loja/centro-timbo/produto/1709003/refrigerante-guarana-fanta-garrafa-2l','https://d8vlg9z1oftyc.cloudfront.net/minhacooper/image/product/562937eef0998b51581d8212ea475b1e20191114111817/180/refrigerante-guarana-fanta-garrafa-2l_5695.jpg'),(4254,1,'5c65cf2d-6c7b-43fc-b87b-7594795d140d','Refrigerante Guaraná Fanta Lata 350ml',3.29,'https://www.minhacooper.com.br/loja/centro-timbo/produto/1708961/refrigerante-guarana-fanta-lata-350ml','https://d8vlg9z1oftyc.cloudfront.net/minhacooper/image/product/5abd24022f9bb3d4301743fc36996ae920191114111817/180/refrigerante-fanta-guarana-lata-350ml_1481.jpg'),(4255,1,'5504f859-86dd-4105-ae79-7b68e629570e','Refrigerante Guaraná Fruki Garrafa 200ml',1.25,'https://www.minhacooper.com.br/loja/centro-timbo/produto/2240190/refrigerante-guarana-fruki-garrafa-200ml','https://d8vlg9z1oftyc.cloudfront.net/minhacooper/image/product/60c2b945cf91d550d4726961eb13022720201117075916/180/refrigerante-guarana-fruki-garrafa-200ml_6541.jpg'),(4256,1,'34dae689-11b0-4ec2-9257-9c466db304b3','Refrigerante Guaraná Fruki Garrafa 2l',4.99,'https://www.minhacooper.com.br/loja/centro-timbo/produto/2147637/refrigerante-guarana-fruki-garrafa-2l','https://d8vlg9z1oftyc.cloudfront.net/minhacooper/image/product/0c14268f2a623ec9f9c788736af9726920200505161354/180/refrigerante-fruki-guarana-pet-2l_7609.jpg'),(4257,1,'1ce0ea84-21e4-4f8f-aabc-efb274bacf1e','Refrigerante Guaraná Fruki Lata 350ml',2.39,'https://www.minhacooper.com.br/loja/centro-timbo/produto/2147688/refrigerante-fruki-guarana-lata-350ml','https://d8vlg9z1oftyc.cloudfront.net/minhacooper/image/product/2ec989bf9c0f07cd234f363e25a5535120200505161356/180/refrigerante-fruki-guarana-lata-350ml_4977.jpg'),(4258,1,'481c9d45-139a-49fe-a9ff-c7ee56e7b356','Refrigerante Guaraná FYs Lata 350ml',2.69,'https://www.minhacooper.com.br/loja/centro-timbo/produto/2204231/refrigerante-guarana-fys-lata-350ml','https://d8vlg9z1oftyc.cloudfront.net/minhacooper/image/product/6652e83df731e95804728f0eb7deb24e20231101114402/180/refrigerante-guarana-fys-lata-350ml_1527.jpg'),(4259,1,'4bfbebfd-1182-4ef8-932b-4b51d647a4db','Refrigerante Guaraná Kuat Garrafa 2L',5.99,'https://www.minhacooper.com.br/loja/centro-timbo/produto/599166/refrigerante-guarana-kuat-garrafa-2l','https://d8vlg9z1oftyc.cloudfront.net/minhacooper/image/product/9270f24cf72a511c91e6c0524dc05c7e20191114102054/180/refrigerante-kuat-guarana-pet-2l_4330.jpg'),(4260,1,'f981f599-bce2-4d54-bbb9-63e362a69e1c','Refrigerante Guaraná Zero Açúcar Fruki Garrafa 200ml',1.25,'https://www.minhacooper.com.br/loja/centro-timbo/produto/2522616/refrigerante-guarana-zero-acucar-fruki-garrafa-200ml','https://d8vlg9z1oftyc.cloudfront.net/minhacooper/image/product/f215a51fd891216ead7148bbaa54d3a920220223083438/180/refrigerante-guarana-zero-acucar-fruki-garrafa-200ml_8131.jpg'),(4261,1,'1861e1c0-df5b-4577-aa36-3227c8d0f453','Refrigerante Guaraná Zero Açúcar Fruki Garrafa 2l',4.99,'https://www.minhacooper.com.br/loja/centro-timbo/produto/2552680/refrigerante-guarana-zero-acucar-fruki-pet-2l','https://d8vlg9z1oftyc.cloudfront.net/minhacooper/image/product/ce6e6a27f3ecf34c0964e2bf3bf6edce20220427091642/180/refrigerante-guarana-zero-acucar-fruki-pet-2l_6549.jpg'),(4262,1,'f57087fe-9615-439e-a2db-3c2dac7a5da9','Refrigerante Guaraná Zero Adição de Açúcar Fanta Lata 350ml',3.29,'https://www.minhacooper.com.br/loja/centro-timbo/produto/1815946/refrigerante-guarana-zero-adicao-de-acucar-fanta-lata-350ml','https://d8vlg9z1oftyc.cloudfront.net/minhacooper/image/product/dc70f49e55a4f55146eb60c92f211f0120191114112425/180/refrigerante-fanta-guarana-zero-lata-350ml_3579.jpg'),(4263,1,'d1636088-e929-4813-8338-f562974a1c03','Refrigerante H2OH! Limão Pet 1,5L',6.99,'https://www.minhacooper.com.br/loja/centro-timbo/produto/907570/refrigerante-h2oh-limao-pet-1-5l','https://d8vlg9z1oftyc.cloudfront.net/minhacooper/image/product/fbdc36f75115ee9c8b367bd18e2445b420191114100231/180/refrigerante-h2oh-limao-pet-1-5l_3205.jpg'),(4264,1,'7d83a295-15f5-42f5-b458-596a54c4501f','Refrigerante H2OH! Limão Pet 500ml',3.99,'https://www.minhacooper.com.br/loja/centro-timbo/produto/907545/refrigerante-h2oh-limao-pet-500ml','https://d8vlg9z1oftyc.cloudfront.net/minhacooper/image/product/a89077e6f2fcd1cd5df369bcf31775b620191114110441/180/refrigerante-h2oh-limao-pet-500ml_5192.jpg'),(4265,1,'8595980b-9b12-423e-946d-60c42b1fe226','Refrigerante Kuat Guaraná Lata 350ml',2.69,'https://www.minhacooper.com.br/loja/centro-timbo/produto/599123/refrigerante-kuat-guarana-lata-350ml','https://d8vlg9z1oftyc.cloudfront.net/minhacooper/image/product/e63b1564eb2276ab9a07f1e850d99eab20191114102053/180/refrigerante-kuat-guarana-lata-350ml_3357.jpg'),(4266,1,'9f2af116-9090-49e9-ae1e-513c48a17e75','Refrigerante Laranja Fanta Garrafa 1,5l',5.79,'https://www.minhacooper.com.br/loja/centro-timbo/produto/1180614/refrigerante-laranja-fanta-garrafa-1-5l','https://d8vlg9z1oftyc.cloudfront.net/minhacooper/image/product/adbb4869d1a81a39d73118a766225d1d20210621104041/180/refrigerante-laranja-fanta-garrafa-1-5l_9797.jpg'),(4267,1,'15d38076-2510-44d2-a4dd-d6f25bf9f053','Refrigerante Laranja Fanta Garrafa 200ml',1.49,'https://www.minhacooper.com.br/loja/centro-timbo/produto/1920871/refrigerante-laranja-fanta-garrafa-200ml','https://d8vlg9z1oftyc.cloudfront.net/minhacooper/image/product/600c5a41fde6d8fd3f3c68930e1f194020191114113233/180/refrigerante-fanta-laranja-pet-200ml_8952.jpg'),(4268,1,'8b1984d4-b94c-49f3-8ff4-ccf800172b23','Refrigerante Laranja Fanta Garrafa Retornável 2l',5.99,'https://www.minhacooper.com.br/loja/centro-timbo/produto/2789051/refrigerante-laranja-fanta-garrafa-retornavel-2l','https://d8vlg9z1oftyc.cloudfront.net/minhacooper/image/product/f2dedd7d708f2ebca2d5d4531869a8f420230629092203/180/refrigerante-laranja-fanta-garrafa-retornavel-2l_1413.jpg'),(4269,1,'fc8100b3-983f-4e3f-bf4c-4f69a433e1e7','Refrigerante Laranja Fruki Garrafa 2L',4.99,'https://www.minhacooper.com.br/loja/centro-timbo/produto/2522500/refrigerante-laranja-fruki-garrafa-2l','https://d8vlg9z1oftyc.cloudfront.net/minhacooper/image/product/b04ad9dedd3195f891d514c7ede3904120220223084731/180/refrigerante-laranja-fruki-garrafa-2l_6164.jpg'),(4270,1,'60f436b5-943b-4a90-8dc8-2e8e43ce3283','Refrigerante Laranja Zero Adição de Açúcar Fanta Garrafa 2L',7.69,'https://www.minhacooper.com.br/loja/centro-timbo/produto/663123/refrigerante-laranja-zero-adicao-de-acucar-fanta-garrafa-2l','https://d8vlg9z1oftyc.cloudfront.net/minhacooper/image/product/81ced5e68a2412cb1549a41553e81b8520191114095239/180/refrigerante-laranja-zero-adicao-de-acucar-fanta-garrafa-2l_5407.jpg'),(4271,1,'9a7a7cd4-da5e-421b-9bce-2b7e48eaea18','Refrigerante Laranjinha Fruki Garrafa 2L',4.99,'https://www.minhacooper.com.br/loja/centro-timbo/produto/2240211/refrigerante-laranjinha-fruki-garrafa-2l','https://d8vlg9z1oftyc.cloudfront.net/minhacooper/image/product/043a99e87f9c9af281c15e70c3293e1420200903140639/180/refrigerante-laranjinha-fruki-garrafa-2l_1716.jpg'),(4272,1,'08dfeb56-07ac-43e9-9afc-ea2000d73c02','Refrigerante Lemon Fresh Sem Açúcar Sprite Garrafa 510ml',2.89,'https://www.minhacooper.com.br/loja/centro-timbo/produto/2000857/refrigerante-lemon-fresh-sem-acucar-sprite-garrafa-510ml','https://d8vlg9z1oftyc.cloudfront.net/minhacooper/image/product/dc58b6ff004dcfd747900a35dd348d5420191114113753/180/refrigerante-sprite-lemon-fresh-pet-510ml_2442.jpg'),(4273,1,'743a8d13-0823-4324-9cb0-7fb5f4fac408','Refrigerante Limão Fruki Garrafa 2L',4.99,'https://www.minhacooper.com.br/loja/centro-timbo/produto/2522420/refrigerante-limao-fruki-garrafa-2l','https://d8vlg9z1oftyc.cloudfront.net/minhacooper/image/product/c0319336d0c18170fa1e261f50a0e8e920220223084730/180/refrigerante-limao-fruki-garrafa-2l_3796.jpg'),(4274,1,'beff6719-5e0b-4438-bb36-fe9f66f16569','Refrigerante Limão sem Açúcar Sprite Garrafa 2l',7.69,'https://www.minhacooper.com.br/loja/centro-timbo/produto/43427/refrigerante-limao-sem-acucares-sprite-garrafa-2l','https://d8vlg9z1oftyc.cloudfront.net/minhacooper/image/product/e80f40fc95da106efd12b4fa3b1d39c920191114093440/180/refrigerante-limao-sem-acucares-sprite-garrafa-2l_3758.jpg'),(4275,1,'7abfe2ae-852d-4ccc-9714-5c40035c890e','Refrigerante Limão sem Açúcar Sprite Lata 350ml',3.29,'https://www.minhacooper.com.br/loja/centro-timbo/produto/43354/refrigerante-limao-sem-acucares-sprite-lata-350ml','https://d8vlg9z1oftyc.cloudfront.net/minhacooper/image/product/234c28a008a3a5420e6739479f8354bb20191114093101/180/refrigerante-limao-sem-acucares-sprite-lata-350ml_8560.jpg'),(4276,1,'dacf38ad-9c05-4cdc-a6b0-6af655cb809b','Refrigerante Limão Siciliano FYs Lata 350ml',2.69,'https://www.minhacooper.com.br/loja/centro-timbo/produto/2204240/refrigerante-limao-siciliano-fys-lata-350ml','https://d8vlg9z1oftyc.cloudfront.net/minhacooper/image/product/fb0db6d4e956e1a48af6d4734b14713e20231101114402/180/refrigerante-limao-siciliano-fys-lata-350ml_6398.jpg'),(4277,1,'beff6719-5e0b-4438-bb36-fe9f66f16569','Refrigerante Limão Sprite Garrafa 2L',7.69,'https://www.minhacooper.com.br/loja/centro-timbo/produto/1844202/refrigerante-limao-sprite-garrafa-2l','https://d8vlg9z1oftyc.cloudfront.net/minhacooper/image/product/0c7fdd70277fd50206b28f3b0040ad2e20191114112622/180/refrigerante-limao-sprite-garrafa-2l_7390.jpg'),(4278,1,'552864ef-f5cc-4839-b706-b1abde9d56b5','Refrigerante Limão Sprite Garrafa 600ml',3.99,'https://www.minhacooper.com.br/loja/centro-timbo/produto/2000873/refrigerante-limao-sprite-garrafa-600ml','https://d8vlg9z1oftyc.cloudfront.net/minhacooper/image/product/9ace9493f17110396553dc41c384fe8a20191114113753/180/refrigerante-limao-sprite-garrafa-600ml_5318.jpg'),(4279,1,'3606bfa1-e980-4be7-8324-0cd3ade8082a','Refrigerante Limão Sprite Lata 220ml',2.19,'https://www.minhacooper.com.br/loja/centro-timbo/produto/2000890/refrigerante-limao-sprite-lata-220ml','https://d8vlg9z1oftyc.cloudfront.net/minhacooper/image/product/236aadd8826fa6fa7aab32d9ee87880520191114113755/180/refrigerante-limao-sprite-lata-220ml_7458.jpg'),(4280,1,'7abfe2ae-852d-4ccc-9714-5c40035c890e','Refrigerante Limão Sprite Lata 350ml',3.29,'https://www.minhacooper.com.br/loja/centro-timbo/produto/1848968/refrigerante-limao-sprite-lata-350ml','https://d8vlg9z1oftyc.cloudfront.net/minhacooper/image/product/9e2a58e2aeeb63d6d0285972cc30a91820191114112651/180/refrigerante-limao-sprite-lata-350ml_8602.jpg'),(4281,1,'7cc539e9-3221-4114-b4f1-1e22ec66a5ff','Refrigerante Limão Sukita Garrafa 2l',5.99,'https://www.minhacooper.com.br/loja/centro-timbo/produto/2718014/refrigerante-limao-sukita-garrafa-2l','https://d8vlg9z1oftyc.cloudfront.net/minhacooper/image/product/5173ba3f00a8ae39e0ffea6d4980861120230321154819/180/refrigerante-limao-sukita-garrafa-2l_3341.jpg'),(4282,1,'24ea547c-36a3-40fc-9c67-b3aa5d869d29','Refrigerante Limoneto H2OH Pet 1,5L',6.99,'https://www.minhacooper.com.br/loja/centro-timbo/produto/2519895/refrigerante-limoneto-h2oh-pet-1-5l','https://d8vlg9z1oftyc.cloudfront.net/minhacooper/image/product/e456d32aae7ff77bdc631e92ad340a8120220221160832/180/refrigerante-limoneto-h2oh-pet-1-5l_3778.jpg'),(4283,1,'f20a29d6-5c40-4759-a3e8-c37dbce30b82','Refrigerante Limoneto H2OH Pet 500ml',3.99,'https://www.minhacooper.com.br/loja/centro-timbo/produto/2519950/refrigerante-limoneto-h2oh-pet-500ml','https://d8vlg9z1oftyc.cloudfront.net/minhacooper/image/product/93cb054a199cbde2948dd133956172c220220221160832/180/refrigerante-limoneto-h2oh-pet-500ml_9248.jpg'),(4284,1,'2fad10cd-bc37-4cee-89b4-2620757885c8','Refrigerante Maracujá Fanta Garrafa 2l',7.69,'https://www.minhacooper.com.br/loja/centro-timbo/produto/343889/refrigerante-maracuja-fanta-garrafa-2l','https://d8vlg9z1oftyc.cloudfront.net/minhacooper/image/product/5c1b31015de221e9c6e2172d6d8535a320220720102650/180/refrigerante-maracuja-fanta-garrafa-2l_1132.jpg'),(4285,1,'e1b3d8c2-3837-43e3-8b5d-71f06579208e','Refrigerante Maracujá Fanta Lata 350ml',3.29,'https://www.minhacooper.com.br/loja/centro-timbo/produto/344001/refrigerante-maracuja-fanta-lata-350ml','https://d8vlg9z1oftyc.cloudfront.net/minhacooper/image/product/6139b9ebdb7f0d081eaf06d11da66cbb20220720170651/180/refrigerante-maracuja-fanta-lata-350ml_4629.jpg'),(4286,1,'75cbc931-bb4f-4d6f-866d-dfaa36d1982c','Refrigerante Mistério Fanta Lata 350ml',3.29,'https://www.minhacooper.com.br/loja/centro-timbo/produto/2843021/refrigerante-misterio-fanta-lata-350ml-2','https://d8vlg9z1oftyc.cloudfront.net/minhacooper/image/product/b4619d9e6e3fb4edc95464d22ff0b95520231003143021/180/refrigerante-misterio-fanta-lata-350ml-2_4301.jpg'),(4287,1,'0635e4f3-e898-421e-adde-8b4af98128c8','Refrigerante Pepsi Black Zero Lata 350ml',2.99,'https://www.minhacooper.com.br/loja/centro-timbo/produto/1848763/refrigerante-pepsi-zero-lata-350ml','https://d8vlg9z1oftyc.cloudfront.net/minhacooper/image/product/3c90cb3ce254df5feba12b68767d501820191114112650/180/refrigerante-pepsi-zero-lata-350ml_7416.jpg'),(4288,1,'1e64cdf2-6b62-4c62-aa1c-f66d94a97652','Refrigerante Pepsi Black Zero Pet 2L',6.79,'https://www.minhacooper.com.br/loja/centro-timbo/produto/537071/refrigerante-pepsi-zero-pet-2l','https://d8vlg9z1oftyc.cloudfront.net/minhacooper/image/product/eb9c400d872f3c27529595d9c0261a6f20191114094803/180/refrigerante-pepsi-zero-pet-2l_8866.jpg'),(4289,1,'23ea014e-d8f6-45c3-b782-b4f14d2ab523','Refrigerante Pepsi Lata 350ml',2.99,'https://www.minhacooper.com.br/loja/centro-timbo/produto/708500/refrigerante-pepsi-lata-350ml','https://d8vlg9z1oftyc.cloudfront.net/minhacooper/image/product/f9a334cc47942dc8cc6e12ab8c79c1f520191114095428/180/refrigerante-pepsi-lata-350ml_7596.jpg'),(4290,1,'e6fd8532-a42a-498b-b130-64305ceba4d8','Refrigerante Pepsi Pet 1,5L',4.69,'https://www.minhacooper.com.br/loja/centro-timbo/produto/1011626/refrigerante-pepsi-pet-1-5l','https://d8vlg9z1oftyc.cloudfront.net/minhacooper/image/product/ad5c35828721f14fef64f50cfa331a4920191114110550/180/refrigerante-pepsi-pet-1-5l_6645.jpg'),(4291,1,'128885ed-819e-40de-bf74-672201be57cb','Refrigerante Pepsi Pet 200ml',1.39,'https://www.minhacooper.com.br/loja/centro-timbo/produto/1929089/refrigerante-pepsi-pet-200ml','https://d8vlg9z1oftyc.cloudfront.net/minhacooper/image/product/7d4f677c99826e07a5a01e0d1a58adf020191114113310/180/refrigerante-pepsi-pet-200ml_9418.jpg'),(4292,1,'31c70001-760b-4a76-8abb-d382a62ea530','Refrigerante Pepsi Pet 2L',7.29,'https://www.minhacooper.com.br/loja/centro-timbo/produto/380849/refrigerante-pepsi-pet-2l','https://d8vlg9z1oftyc.cloudfront.net/minhacooper/image/product/e73a2814f4ec925e21e4fcaaa93cef7d20191114094012/180/refrigerante-pepsi-pet-2l_8702.jpg'),(4293,1,'73206304-08e4-4101-bf49-cb0e080d7eab','Refrigerante Pepsi Pet 600ml',3.79,'https://www.minhacooper.com.br/loja/centro-timbo/produto/854905/refrigerante-pepsi-pet-600ml','https://d8vlg9z1oftyc.cloudfront.net/minhacooper/image/product/f341b0e4bd3767b4499ff4fb3a97d7d420191114102602/180/refrigerante-pepsi-pet-600ml_6938.jpg'),(4294,1,'f25e86a5-9fc1-498d-96c2-285e23009cdd','Refrigerante Pepsi Twist Lata 350ml',2.99,'https://www.minhacooper.com.br/loja/centro-timbo/produto/674737/refrigerante-pepsi-twist-lata-350ml','https://d8vlg9z1oftyc.cloudfront.net/minhacooper/image/product/9c7cd9bcf8812913308e60cb2bdd0b2020191114095304/180/refrigerante-pepsi-twist-lata-350ml_3669.jpg'),(4295,1,'5630873b-01f4-44b8-b791-905fe985d23e','Refrigerante Pepsi Twist Pet 2L',7.29,'https://www.minhacooper.com.br/loja/centro-timbo/produto/683671/refrigerante-pepsi-twist-pet-2l','https://d8vlg9z1oftyc.cloudfront.net/minhacooper/image/product/ab323a371d138cd5d9a937a66eb10eae20191114095318/180/refrigerante-pepsi-twist-pet-2l_4211.jpg'),(4296,1,'cf5d24b6-0fa8-40a3-8b16-ca045ad79ab0','Refrigerante Pink Lemonade ST Pierre Garrafa 275ml',4.49,'https://www.minhacooper.com.br/loja/centro-timbo/produto/2834383/refrigerante-pink-lemonade-st-pierre-garrafa-275ml','https://d8vlg9z1oftyc.cloudfront.net/minhacooper/image/product/c36044f21c7f7696befebdc3abd653a020230912135750/180/refrigerante-pink-lemonade-st-pierre-garrafa-275ml_8029.jpg'),(4297,1,'b92fca9c-0ca5-4ee8-b065-5eed6939dd12','Refrigerante Red Mint ST.Pierre Garrafa 275ml',4.49,'https://www.minhacooper.com.br/loja/centro-timbo/produto/2834405/refrigerante-red-mint-st-pierre-garrafa-275ml','https://d8vlg9z1oftyc.cloudfront.net/minhacooper/image/product/c55e46773c98804f636ddc540f05f48920230912134747/180/refrigerante-red-mint-st-pierre-garrafa-275ml_7269.jpg'),(4298,1,'61df420b-94a3-44a0-a46a-9723858e24a2','Refrigerante Schweppes Citrus Lata 350ml',3.49,'https://www.minhacooper.com.br/loja/centro-timbo/produto/597740/refrigerante-schweppes-citrus-lata-350ml','https://d8vlg9z1oftyc.cloudfront.net/minhacooper/image/product/3b60b5154c98220e0ac4d9534491bf9420191114095025/180/refrigerante-schweppes-citrus-lata-350ml_3763.jpg'),(4299,1,'61df420b-94a3-44a0-a46a-9723858e24a2','Refrigerante Schweppes Citrus Original Lata 350ml',3.49,'https://www.minhacooper.com.br/loja/centro-timbo/produto/2000016/refrigerante-schweppes-citrus-original-lata-350ml','https://d8vlg9z1oftyc.cloudfront.net/minhacooper/image/product/be7adf9ac5612ef4e2181fd7afd120d920191114113750/180/refrigerante-schweppes-citrus-original-lata-350ml_4712.jpg'),(4300,1,'95464944-2dbc-4da1-91aa-489e294b027b','Refrigerante sem Açúcar Coca-Cola Garrafa 1,5L',7.79,'https://www.minhacooper.com.br/loja/centro-timbo/produto/971669/refrigerante-sem-acucar-coca-cola-garrafa-1-5l','https://d8vlg9z1oftyc.cloudfront.net/minhacooper/image/product/9075294f420477e9bc8f78c583fdf93120191114100450/180/refrigerante-sem-acucar-coca-cola-garrafa-1-5l_3865.jpg'),(4301,1,'b30d51f8-8b05-42ea-b750-602f27f4bf68','Refrigerante sem Açúcar Coca-Cola Garrafa 200ml',1.65,'https://www.minhacooper.com.br/loja/centro-timbo/produto/1920936/refrigerante-sem-acucar-coca-cola-garrafa-200ml','https://d8vlg9z1oftyc.cloudfront.net/minhacooper/image/product/1a53ad611ef0ce0354788a8a079dce2220191114113233/180/refrigerante-coca-cola-sem-acucar-pet-200ml_7620.jpg'),(4302,1,'fa2094f4-7ae2-4c98-bc1f-bb20e0bf0bd3','Refrigerante sem Açúcar Coca-Cola Garrafa 600ml',4.49,'https://www.minhacooper.com.br/loja/centro-timbo/produto/909980/refrigerante-sem-acucar-coca-cola-garrafa-600ml','https://d8vlg9z1oftyc.cloudfront.net/minhacooper/image/product/ce1915e48e92b57b37a957ae4d326df320191114102723/180/refrigerante-sem-acucar-coca-cola-garrafa-600ml_9098.jpg'),(4303,1,'4874fd88-40e7-43ec-b684-cf000b04316f','Refrigerante sem Açúcar Coca-Cola Zero Garrafa 2L',9.49,'https://www.minhacooper.com.br/loja/centro-timbo/produto/909963/refrigerante-sem-acucar-coca-cola-zero-garrafa-2l','https://d8vlg9z1oftyc.cloudfront.net/minhacooper/image/product/3d0846c75f2449e74974568be70f896220191114100238/180/refrigerante-sem-acucar-coca-cola-zero-garrafa-2l_4519.jpg'),(4304,1,'4dd3900a-2816-4e02-8d1c-647edef21179','Refrigerante Soda Limonada Antarctica Lata 350ml',2.99,'https://www.minhacooper.com.br/loja/centro-timbo/produto/554294/refrigerante-soda-limonada-antarctica-lata-350ml','https://d8vlg9z1oftyc.cloudfront.net/minhacooper/image/product/945f4f776a8be65f61764fb22a5f940620191114094849/180/refrigerante-soda-limonada-antarctica-lata-350ml_6938.jpg'),(4305,1,'0','Refrigerante Soda Limonada Antarctica Pet 600ml',3.79,'https://www.minhacooper.com.br/loja/centro-timbo/produto/517771/refrigerante-soda-limonada-antarctica-pet-600ml','https://d8vlg9z1oftyc.cloudfront.net/minhacooper/image/product/8369d4e6d02850880205bcbdd9b1cce620191114094715/180/refrigerante-soda-limonada-antarctica-pet-600ml_9458.jpg'),(4306,1,'0','Refrigerante Sprite Pet 200ml',1.49,'https://www.minhacooper.com.br/loja/centro-timbo/produto/1920910/refrigerante-sprite-pet-200ml','https://d8vlg9z1oftyc.cloudfront.net/minhacooper/image/product/cc22a2c1f6acb48056f949e572a484ef20191114114436/180/refrigerante-sprite-sem-acucar-pet-200ml_2204.jpg'),(4307,1,'e4fa7095-1711-4544-bbed-ce6913cd180b','Refrigerante Sukita Laranja Lata 350ml',2.99,'https://www.minhacooper.com.br/loja/centro-timbo/produto/2780/refrigerante-sukita-laranja-lata-350ml','https://d8vlg9z1oftyc.cloudfront.net/minhacooper/image/product/fc503243f538b5882dbbb2347abbaf8c20191114092951/180/refrigerante-sukita-laranja-lata-350ml_3339.jpg'),(4308,1,'788affec-3108-4dfe-bc71-2ee8b7e23954','Refrigerante Sukita Laranja Pet 2L',5.99,'https://www.minhacooper.com.br/loja/centro-timbo/produto/447145/refrigerante-sukita-laranja-pet-2l','https://d8vlg9z1oftyc.cloudfront.net/minhacooper/image/product/f1dbaa5119fe9aa460973ee2357dc87420191114094317/180/refrigerante-sukita-laranja-pet-2l_8426.jpg'),(4309,1,'2d8d1073-9f98-4de2-b3c2-1f207f40ab0f','Refrigerante Sukita Tubaína Pet 2L',5.99,'https://www.minhacooper.com.br/loja/centro-timbo/produto/2482959/refrigerante-sukita-tubaina-pet-2l','https://d8vlg9z1oftyc.cloudfront.net/minhacooper/image/product/84d7a8ea3faa377c1130f5c2b0b5681b20211112074514/180/refrigerante-sukita-tubaina-pet-2l_6819.jpg'),(4310,1,'1f32445f-6c95-4844-aca3-9a5859722bc9','Refrigerante Sukita Uva Lata 350ml',2.99,'https://www.minhacooper.com.br/loja/centro-timbo/produto/984337/refrigerante-sukita-uva-lata-350ml','https://d8vlg9z1oftyc.cloudfront.net/minhacooper/image/product/d69d32493f515edd9f02676e9eeb944520191114100513/180/refrigerante-sukita-uva-lata-350ml_9576.jpg'),(4311,1,'b313b76c-6779-4031-881f-1e1c800310e2','Refrigerante Sukita Uva Pet 2L',5.99,'https://www.minhacooper.com.br/loja/centro-timbo/produto/984329/refrigerante-sukita-uva-pet-2l','https://d8vlg9z1oftyc.cloudfront.net/minhacooper/image/product/b05f784332af4e51d979d37d4689d35b20191114102855/180/refrigerante-sukita-uva-pet-2l_3068.jpg'),(4312,1,'65a433ce-f133-49fc-9335-4658a463c85f','Refrigerante Uva Fruki Garrafa 2L',4.99,'https://www.minhacooper.com.br/loja/centro-timbo/produto/2522527/refrigerante-uva-fruki-garrafa-2l','https://d8vlg9z1oftyc.cloudfront.net/minhacooper/image/product/1ddb2dd6daa0db2753044ab30a5bdee120220223084733/180/refrigerante-uva-fruki-garrafa-2l_2362.jpg'),(4313,1,'97d37b3f-cb20-4f3d-994c-26594da47143','Refrigerante Zero Açúcar Pepsi Black Garrafa 200ml',1.39,'https://www.minhacooper.com.br/loja/centro-timbo/produto/2718049/refrigerante-zero-acucar-pepsi-black-garrafa-200ml','https://d8vlg9z1oftyc.cloudfront.net/minhacooper/image/product/fa87ee607a373f6ac8135702da468d4c20230321154819/180/refrigerante-zero-acucar-pepsi-black-garrafa-200ml_5229.jpg'),(4518,2,'9b7fdfde-2bef-46bf-a297-6f66b08f7aa6','Refrigerante Coca Cola Pet 2l',9.39,'https://www.superkoch.com.br/promocoes-da-semana/produtos-participantes/refrigerante-coca-cola-pet-2l-14481','https://www.superkoch.com.br/media/catalog/product/2/-/2-7894900011517.jpg?optimize=high&bg-color=255,255,255&fit=bounds&height=200&width=200&canvas=200:200'),(4519,2,'753b88b4-5ef5-4adb-82b5-c262b1d9a23a','Refrigerante Coca Cola Original 1,5l',6.69,'https://www.superkoch.com.br/refrigerante-coca-cola-original-1-5l-19622','https://www.superkoch.com.br/media/catalog/product/6/-/6-7894900011753.jpg?optimize=high&bg-color=255,255,255&fit=bounds&height=200&width=200&canvas=200:200'),(4520,2,'9ee42c39-2f14-4638-a0b0-6050ae6053bc','Refrigerante Guaraná Antarctica 350ml',2.89,'https://www.superkoch.com.br/refrigerante-guarana-antarctica-350ml-19549','https://www.superkoch.com.br/media/catalog/product/6/-/6-7891991000826.jpg?optimize=high&bg-color=255,255,255&fit=bounds&height=200&width=200&canvas=200:200'),(4521,2,'8d09c4a1-dc63-4865-8060-13e0d9c570d4','Refrigerante Coca Cola Zero Pet 2 Litros',7.99,'https://www.superkoch.com.br/refrigerante-coca-cola-zero-pet-2-litros-19662','https://www.superkoch.com.br/media/catalog/product/3/-/3-7894900701517.jpg?optimize=high&bg-color=255,255,255&fit=bounds&height=200&width=200&canvas=200:200'),(4522,2,'1c5f5215-10ee-4ba7-9d19-c0af17a8bab9','Refrigerante Guaraná Antarctica Garrafa 2l',7.89,'https://www.superkoch.com.br/refrigerante-guarana-antarctica-garrafa-2l-19520','https://www.superkoch.com.br/media/catalog/product/5/-/5-7891991001342.jpg?optimize=high&bg-color=255,255,255&fit=bounds&height=200&width=200&canvas=200:200'),(4523,2,'21f494ec-046b-449d-bd0e-c95ccfd1b5d4','Refrigerante Coca Cola Pet 600ml',3.99,'https://www.superkoch.com.br/refrigerante-coca-cola-pet-600ml-14483','https://www.superkoch.com.br/media/catalog/product/1/-/1-7894900011609.jpg?optimize=high&bg-color=255,255,255&fit=bounds&height=200&width=200&canvas=200:200'),(4524,2,'dea1a15f-2d7b-4ee1-8cf2-2e2844b87a27','Refrigerante Coca Cola Mini Pet 200ml',1.49,'https://www.superkoch.com.br/refrigerante-coca-cola-mini-pet-200ml-37489','https://www.superkoch.com.br/media/catalog/product/9/-/9-78908901.jpg?optimize=high&bg-color=255,255,255&fit=bounds&height=200&width=200&canvas=200:200'),(4525,2,'0ee64154-0ce9-465b-8bd9-c79231bf2cce','Refrigerante Coca Cola Lata 350ml',3.39,'https://www.superkoch.com.br/promocoes-da-semana/produtos-participantes/refrigerante-coca-cola-lata-350ml-19617','https://www.superkoch.com.br/media/catalog/product/5/-/5-7894900010015.jpg?optimize=high&bg-color=255,255,255&fit=bounds&height=200&width=200&canvas=200:200'),(4526,2,'885fcd4a-e27c-421f-9d06-24b207303b84','Refrigerante Coca Cola Zero Pet 1,5l',6.69,'https://www.superkoch.com.br/refrigerante-coca-cola-zero-pet-1-5l-19654','https://www.superkoch.com.br/media/catalog/product/0/-/0-7894900701753.jpg?optimize=high&bg-color=255,255,255&fit=bounds&height=200&width=200&canvas=200:200'),(4527,2,'0130847f-d094-4b00-9aaf-fe024e729280','Refrigerante Fanta Laranja 2l',6.29,'https://www.superkoch.com.br/refrigerante-fanta-laranja-2l-19693','https://www.superkoch.com.br/media/catalog/product/1/-/1-7894900031515.jpg?optimize=high&bg-color=255,255,255&fit=bounds&height=200&width=200&canvas=200:200'),(4528,2,'0','Refrigerante Sprite Limão Pet 2l',6.29,'https://www.superkoch.com.br/refrigerante-sprite-limao-pet-2l-20025','https://www.superkoch.com.br/media/catalog/product/2/-/2-7894900681000.jpg?optimize=high&bg-color=255,255,255&fit=bounds&height=200&width=200&canvas=200:200'),(4529,2,'31c70001-760b-4a76-8abb-d382a62ea530','Refrigerante Pepsi Garrafa 2l',7.29,'https://www.superkoch.com.br/refrigerante-pepsi-garrafa-2l-19884','https://www.superkoch.com.br/media/catalog/product/2/-/2-7892840800000.jpg?optimize=high&bg-color=255,255,255&fit=bounds&height=200&width=200&canvas=200:200'),(4530,2,'dea1a15f-2d7b-4ee1-8cf2-2e2844b87a27','Refrigerante Coca Cola Mini Sem Açúcar Pet 200ml',1.09,'https://www.superkoch.com.br/refrigerante-coca-cola-mini-sem-acucar-pet-200ml-37490','https://www.superkoch.com.br/media/catalog/product/2/-/2-78933873.jpg?optimize=high&bg-color=255,255,255&fit=bounds&height=200&width=200&canvas=200:200'),(4531,2,'a9d98cea-b005-4112-adce-a788a789f5ec','Refrigerante Coca Cola+Fanta Laranja Leve+ Pague- Com 2 Unidades 2l',15.69,'https://www.superkoch.com.br/refrigerante-coca-cola-fanta-laranja-leve-pague-com-2-unidades-2l-45636','https://www.superkoch.com.br/media/catalog/product/6/-/6-7894900038972.jpg?optimize=high&bg-color=255,255,255&fit=bounds&height=200&width=200&canvas=200:200'),(4532,2,'c3fe9e8e-ad15-408a-87b2-ee71d2bdd698','Refrigerante Coca Cola Zero Pet 600ml',3.99,'https://www.superkoch.com.br/promocoes-da-semana/produtos-participantes/refrigerante-coca-cola-zero-pet-600ml-19686','https://www.superkoch.com.br/media/catalog/product/4/-/4-7894900701609.jpg?optimize=high&bg-color=255,255,255&fit=bounds&height=200&width=200&canvas=200:200'),(4533,2,'ceb14a84-ea9b-4e5e-914c-b1f5ccb64cdf','Refrigerante Coca Cola Lata 310ml',2.49,'https://www.superkoch.com.br/refrigerante-coca-cola-lata-310ml-28183','https://www.superkoch.com.br/media/catalog/product/1/-/1-7894900011159.jpg?optimize=high&bg-color=255,255,255&fit=bounds&height=200&width=200&canvas=200:200'),(4534,2,'fe1ea13e-8f5c-4f1d-9bc9-49ef21913dad','Refrigerante Fanta Laranja Lata 350ml',3.29,'https://www.superkoch.com.br/refrigerante-fanta-laranja-lata-350ml-19702','https://www.superkoch.com.br/media/catalog/product/1/-/1-7894900030013.jpg?optimize=high&bg-color=255,255,255&fit=bounds&height=200&width=200&canvas=200:200'),(4535,2,'431c1f15-bda4-47ba-befd-3eb806d07b52','Refrigerante Sprite Limão Lata 350ml',3.29,'https://www.superkoch.com.br/refrigerante-sprite-limao-lata-350ml-20060','https://www.superkoch.com.br/media/catalog/product/0/-/0-7894900681017.jpg?optimize=high&bg-color=255,255,255&fit=bounds&height=200&width=200&canvas=200:200'),(4536,2,'788affec-3108-4dfe-bc71-2ee8b7e23954','Refrigerante Sukita De Laranja Pet 2l',5.79,'https://www.superkoch.com.br/refrigerante-sukita-de-laranja-pet-2l-19579','https://www.superkoch.com.br/media/catalog/product/4/-/4-7891149440801.jpg?optimize=high&bg-color=255,255,255&fit=bounds&height=200&width=200&canvas=200:200'),(4537,2,'4bfbebfd-1182-4ef8-932b-4b51d647a4db','Refrigerante Kuat Guaraná Pet 2l',5.99,'https://www.superkoch.com.br/refrigerante-kuat-guarana-pet-2l-19744','https://www.superkoch.com.br/media/catalog/product/0/-/0-7894900911510.jpg?optimize=high&bg-color=255,255,255&fit=bounds&height=200&width=200&canvas=200:200'),(4538,2,'f656bd33-8010-4823-952e-6caf7d8d4d5f','Refrigerante Coca Cola Pet 3l',11.99,'https://www.superkoch.com.br/promocoes-da-semana/produtos-participantes/refrigerante-coca-cola-pet-3l-14482','https://www.superkoch.com.br/media/catalog/product/_/0/_0468_7894900011708_31.jpg?optimize=high&bg-color=255,255,255&fit=bounds&height=200&width=200&canvas=200:200'),(4540,2,'179bb3eb-bcf3-4248-bd72-8e826ad72214','Refrigerante De Uva Fanta 350ml',3.29,'https://www.superkoch.com.br/refrigerante-de-uva-fanta-350ml-19708','https://www.superkoch.com.br/media/catalog/product/3/-/3-7894900050011.jpg?optimize=high&bg-color=255,255,255&fit=bounds&height=200&width=200&canvas=200:200'),(4541,2,'c59f85d8-435f-4bbb-835f-6a91997d2b39','Refrigerante Coca Cola Zero Lata 310ml',2.49,'https://www.superkoch.com.br/refrigerante-coca-cola-zero-lata-310ml-34606','https://www.superkoch.com.br/media/catalog/product/0/-/0-7894900701159.jpg?optimize=high&bg-color=255,255,255&fit=bounds&height=200&width=200&canvas=200:200'),(4542,2,'2653000d-1c5d-4dd4-933f-a186465fd6aa','Refrigerante De Uva Fanta 2l',6.29,'https://www.superkoch.com.br/refrigerante-de-uva-fanta-2l-19698','https://www.superkoch.com.br/media/catalog/product/6/-/6-7894900051513.jpg?optimize=high&bg-color=255,255,255&fit=bounds&height=200&width=200&canvas=200:200'),(4543,2,'54a750ca-7a05-459e-b0c5-ae7167bafde5','Refrigerante Coca Cola Zero Lata 350ml',3.59,'https://www.superkoch.com.br/promocoes-da-semana/produtos-participantes/refrigerante-coca-cola-zero-lata-350ml-19651','https://www.superkoch.com.br/media/catalog/product/7/-/7-7894900700015.jpg?optimize=high&bg-color=255,255,255&fit=bounds&height=200&width=200&canvas=200:200'),(4545,2,'062ca319-8c3e-4bbe-845d-a25fa8057e39','Refrigerante Guaraná Antarctica Garrafa 600ml',4.29,'https://www.superkoch.com.br/refrigerante-guarana-antarctica-garrafa-600ml-19550','https://www.superkoch.com.br/media/catalog/product/5/-/5-7891991002646.jpg?optimize=high&bg-color=255,255,255&fit=bounds&height=200&width=200&canvas=200:200'),(4546,2,'ae06c762-2771-4333-8b28-fbdee54993f1','Refrigerante De Laranja Max Laranjinha 2l',5.59,'https://www.superkoch.com.br/refrigerante-de-laranja-max-laranjinha-2l-35732','https://www.superkoch.com.br/media/catalog/product/5/-/5-7896086177377.jpg?optimize=high&bg-color=255,255,255&fit=bounds&height=200&width=200&canvas=200:200'),(4547,2,'8c6801dd-f774-47b9-b93b-94e5b7f0c761','Refrigerante Guaraná Antarctica Garrafa 200ml',1.19,'https://www.superkoch.com.br/refrigerante-guarana-antarctica-garrafa-200ml-39992','https://www.superkoch.com.br/media/catalog/product/5/-/5-7891991014908.jpg?optimize=high&bg-color=255,255,255&fit=bounds&height=200&width=200&canvas=200:200'),(4548,2,'bdf277fa-4a76-4323-b7ef-a6862bf6329f','Refrigerante Guaraná Antarctica Garrafa 1,5l',5.59,'https://www.superkoch.com.br/refrigerante-guarana-antarctica-garrafa-1-5l-19512','https://www.superkoch.com.br/media/catalog/product/3/-/3-7891991008761.jpg?optimize=high&bg-color=255,255,255&fit=bounds&height=200&width=200&canvas=200:200'),(4549,2,'10c55593-e204-41b5-8805-823da2f1fe04','Refrigerante Coca Cola Original Pet 2,5l',10.49,'https://www.superkoch.com.br/promocoes-da-semana/produtos-participantes/refrigerante-coca-cola-original-pet-2-5l-60593','https://www.superkoch.com.br/media/catalog/product/4/-/4-7894900027020.jpg?optimize=high&bg-color=255,255,255&fit=bounds&height=200&width=200&canvas=200:200'),(4552,2,'1b95cc59-3fd2-4771-8d0d-8fbcc49ee5bf','Refrigerante Guaraná Antarctica Sem Açúcar Garrafa 2l',6.89,'https://www.superkoch.com.br/refrigerante-guarana-antarctica-sem-acucar-garrafa-2l-19548','https://www.superkoch.com.br/media/catalog/product/3/-/3-7891991001373.jpg?optimize=high&bg-color=255,255,255&fit=bounds&height=200&width=200&canvas=200:200'),(4553,2,'0','Refrigerante Sprite Lemon Fresh Pet 510ml',2.79,'https://www.superkoch.com.br/refrigerante-sprite-lemon-fresh-pet-510ml-43055','https://www.superkoch.com.br/media/catalog/product/8/-/8-7894900680508.jpg?optimize=high&bg-color=255,255,255&fit=bounds&height=200&width=200&canvas=200:200'),(4554,2,'b613ad7b-53e6-4880-a095-8bd1da2b651c','Refrigerante Fanta Guaraná Pet 2l',6.79,'https://www.superkoch.com.br/promocoes-da-semana/produtos-participantes/refrigerante-fanta-guarana-pet-2l-30616','https://www.superkoch.com.br/media/catalog/product/3/-/3-7894900093056.jpg?optimize=high&bg-color=255,255,255&fit=bounds&height=200&width=200&canvas=200:200'),(4555,2,'2d9b9f07-e990-4950-a315-e10225cf72fa','Refrigerante Fanta Laranja 1,5l',6.49,'https://www.superkoch.com.br/promocoes-da-semana/produtos-participantes/refrigerante-fanta-laranja-1-5l-19688','https://www.superkoch.com.br/media/catalog/product/9/-/9-7894900031751.jpg?optimize=high&bg-color=255,255,255&fit=bounds&height=200&width=200&canvas=200:200'),(4556,2,'0ee64154-0ce9-465b-8bd9-c79231bf2cce','Refrigerante Coca Cola Lata 350ml Com 6 Unidades',17.39,'https://www.superkoch.com.br/promocoes-da-semana/produtos-participantes/refrigerante-coca-cola-lata-350ml-com-6-unidades-19586','https://www.superkoch.com.br/media/catalog/product/3/-/3-7894900011326.jpg?optimize=high&bg-color=255,255,255&fit=bounds&height=200&width=200&canvas=200:200'),(4557,2,'ce83008d-1ee2-4b90-91b9-31dfc6cedc6c','Refrigerante Schweppes Citrus 1,5l',6.99,'https://www.superkoch.com.br/refrigerante-schweppes-citrus-1-5l-20012','https://www.superkoch.com.br/media/catalog/product/3/-/3-7894900321753.jpg?optimize=high&bg-color=255,255,255&fit=bounds&height=200&width=200&canvas=200:200'),(4558,2,'0ad0834f-0ceb-430a-a431-be79b95eed01','Refrigerante Max Framboesa Pet 2l',5.59,'https://www.superkoch.com.br/refrigerante-max-framboesa-pet-2l-35764','https://www.superkoch.com.br/media/catalog/product/7/-/7-7896086148667.jpg?optimize=high&bg-color=255,255,255&fit=bounds&height=200&width=200&canvas=200:200'),(4559,2,'5df6af7c-c328-411b-82da-c96e1902c1f3','Refrigerante Coca Cola Sem Açúcar Lata 220ml',2.49,'https://www.superkoch.com.br/promocoes-da-semana/produtos-participantes/refrigerante-coca-cola-sem-acucar-lata-220ml-37728','https://www.superkoch.com.br/media/catalog/product/7/-/7-7894900700398.jpg?optimize=high&bg-color=255,255,255&fit=bounds&height=200&width=200&canvas=200:200'),(4560,2,'6369e4d9-5443-4545-8b63-f7f5f177ff18','Refrigerante Guaraná Antarctica Garrafa 3l',9.79,'https://www.superkoch.com.br/refrigerante-guarana-antarctica-garrafa-3l-57372','https://www.superkoch.com.br/media/catalog/product/1/-/1-7891991014861.jpg?optimize=high&bg-color=255,255,255&fit=bounds&height=200&width=200&canvas=200:200'),(4561,2,'37bd2662-740b-499c-9763-2f90e2e3ed6a','Refrigerante Max Guaraná Pet 2l',5.59,'https://www.superkoch.com.br/refrigerante-max-guarana-pet-2l-35768','https://www.superkoch.com.br/media/catalog/product/4/-/4-7896086113030.jpg?optimize=high&bg-color=255,255,255&fit=bounds&height=200&width=200&canvas=200:200'),(4562,2,'9ee42c39-2f14-4638-a0b0-6050ae6053bc','Refrigerante Guaraná Antarctica 350ml',2.89,'https://www.superkoch.com.br/refrigerante-guarana-antarctica-350ml-19552','https://www.superkoch.com.br/media/catalog/product/4/-/4-7891991000727.jpg?optimize=high&bg-color=255,255,255&fit=bounds&height=200&width=200&canvas=200:200'),(4563,2,'431c1f15-bda4-47ba-befd-3eb806d07b52','Refrigerante Sprite Limão Pet 600ml',4.19,'https://www.superkoch.com.br/refrigerante-sprite-limao-pet-600ml-20027','https://www.superkoch.com.br/media/catalog/product/9/-/9-7894900681246.jpg?optimize=high&bg-color=255,255,255&fit=bounds&height=200&width=200&canvas=200:200'),(4565,2,'5df6af7c-c328-411b-82da-c96e1902c1f3','Refrigerante Coca Cola Lata 220ml',2.49,'https://www.superkoch.com.br/promocoes-da-semana/produtos-participantes/refrigerante-coca-cola-lata-220ml-28109','https://www.superkoch.com.br/media/catalog/product/7/-/7-7894900010398.jpg?optimize=high&bg-color=255,255,255&fit=bounds&height=200&width=200&canvas=200:200'),(4567,2,'49c303be-8048-410a-afb3-52139fb6414a','Refrigerante Pepsi Cola Pet 200ml',1.19,'https://www.superkoch.com.br/refrigerante-pepsi-cola-pet-200ml-39993','https://www.superkoch.com.br/media/catalog/product/2/-/2-7892840800567.jpg?optimize=high&bg-color=255,255,255&fit=bounds&height=200&width=200&canvas=200:200'),(4568,2,'409e88b1-5aac-4af5-894a-f884f6ce6268','Refrigerante Fanta Guaraná Pet 1,5l',5.89,'https://www.superkoch.com.br/promocoes-da-semana/produtos-participantes/refrigerante-fanta-guarana-pet-1-5l-36049','https://www.superkoch.com.br/media/catalog/product/2/-/2-7894900093278.jpg?optimize=high&bg-color=255,255,255&fit=bounds&height=200&width=200&canvas=200:200'),(4569,2,'b3b26f47-c0f8-40c7-b079-0fc11800115b','Refrigerante Tubaina Max Pet 2l',5.59,'https://www.superkoch.com.br/refrigerante-tubaina-max-pet-2l-42227','https://www.superkoch.com.br/media/catalog/product/3/-/3-7896086101341.jpg?optimize=high&bg-color=255,255,255&fit=bounds&height=200&width=200&canvas=200:200'),(4571,2,'2e27685d-8119-438f-9bb2-b2c80bc84900','Refrigerante Fanta Laranj Pet 200ml',1.69,'https://www.superkoch.com.br/refrigerante-fanta-laranj-pet-200ml-38664','https://www.superkoch.com.br/media/catalog/product/7/-/7-78936478.jpg?optimize=high&bg-color=255,255,255&fit=bounds&height=200&width=200&canvas=200:200'),(4572,2,'1c2d370d-745e-4873-9b92-d7be1009eb70','Refrigerante Pet Coca Cola 2l Com 4 Unidades',34.99,'https://www.superkoch.com.br/promocoes-da-semana/produtos-participantes/refrigerante-pet-coca-cola-2l-com-4-unidades-19635','https://www.superkoch.com.br/media/catalog/product/6/-/6-7894900018189.jpg?optimize=high&bg-color=255,255,255&fit=bounds&height=200&width=200&canvas=200:200'),(4573,2,'1db340eb-7db7-4c83-9983-2a3f93d056c3','Refrigerante Guaraná Antarctica Sem Açúcar Garrafa 600ml',4.29,'https://www.superkoch.com.br/refrigerante-guarana-antarctica-sem-acucar-garrafa-600ml-19554','https://www.superkoch.com.br/media/catalog/product/4/-/4-7891991002684.jpg?optimize=high&bg-color=255,255,255&fit=bounds&height=200&width=200&canvas=200:200'),(4574,2,'0','Refrigerante Sprite Limão Pet 200ml',1.69,'https://www.superkoch.com.br/refrigerante-sprite-limao-pet-200ml-39351','https://www.superkoch.com.br/media/catalog/product/6/-/6-78939745.jpg?optimize=high&bg-color=255,255,255&fit=bounds&height=200&width=200&canvas=200:200'),(4575,2,'0635e4f3-e898-421e-adde-8b4af98128c8','Refrigerante Pepsi Black Sem Açúcar Lata 350ml',2.29,'https://www.superkoch.com.br/refrigerante-pepsi-black-sem-acucar-lata-350ml-19902','https://www.superkoch.com.br/media/catalog/product/3/-/3-7892840813512.jpg?optimize=high&bg-color=255,255,255&fit=bounds&height=200&width=200&canvas=200:200'),(4576,2,'21f494ec-046b-449d-bd0e-c95ccfd1b5d4','Refrigerante Coca Cola Pet 600ml Com 6 Unidades',22.19,'https://www.superkoch.com.br/promocoes-da-semana/produtos-participantes/refrigerante-coca-cola-pet-600ml-com-6-unidades-19638','https://www.superkoch.com.br/media/catalog/product/7/-/7-7894900012606.jpg?optimize=high&bg-color=255,255,255&fit=bounds&height=200&width=200&canvas=200:200'),(4577,2,'4c8519ef-5a99-4119-9b6f-f183ec845165','Refrigerante Fanta Laranja Zero Lata 350ml',3.29,'https://www.superkoch.com.br/refrigerante-fanta-laranja-zero-lata-350ml-19714','https://www.superkoch.com.br/media/catalog/product/1/-/1-7894900150018.jpg?optimize=high&bg-color=255,255,255&fit=bounds&height=200&width=200&canvas=200:200'),(4578,2,'35693c37-758e-469a-acf5-6502a602d7be','Refrigerante Pepsi Cola Black Sem Açúcar Pet 200ml',1.49,'https://www.superkoch.com.br/refrigerante-pepsi-cola-black-sem-acucar-pet-200ml-71503','https://www.superkoch.com.br/media/catalog/product/3/-/3-7892840819330.jpg?optimize=high&bg-color=255,255,255&fit=bounds&height=200&width=200&canvas=200:200'),(4579,2,'24e8dfe5-b54f-41b6-a04c-6dc57f0cb624','Refrigerante Max Uva Pet 2l',5.59,'https://www.superkoch.com.br/refrigerante-max-uva-pet-2l-35766','https://www.superkoch.com.br/media/catalog/product/9/-/9-7896086140012.jpg?optimize=high&bg-color=255,255,255&fit=bounds&height=200&width=200&canvas=200:200'),(4580,2,'23ea014e-d8f6-45c3-b782-b4f14d2ab523','Refrigerante Pepsi Lata 350ml',2.99,'https://www.superkoch.com.br/refrigerante-pepsi-lata-350ml-19899','https://www.superkoch.com.br/media/catalog/product/5/-/5-7892840800079.jpg?optimize=high&bg-color=255,255,255&fit=bounds&height=200&width=200&canvas=200:200'),(4581,2,'1aca11eb-e937-4a1e-bdd8-e50fa2d5b8f7','Refrigerante Max Limão Pet 2l',5.59,'https://www.superkoch.com.br/refrigerante-max-limao-pet-2l-35765','https://www.superkoch.com.br/media/catalog/product/7/-/7-7896086120090.jpg?optimize=high&bg-color=255,255,255&fit=bounds&height=200&width=200&canvas=200:200'),(4582,2,'0940f91c-b483-4cd4-99aa-002a9622ecec','Refrigerante Fanta Laranja Zero Pet 2l',6.29,'https://www.superkoch.com.br/refrigerante-fanta-laranja-zero-pet-2l-19712','https://www.superkoch.com.br/media/catalog/product/8/-/8-7894900151510.jpg?optimize=high&bg-color=255,255,255&fit=bounds&height=200&width=200&canvas=200:200'),(4583,2,'a81f406f-5c69-4b49-bed6-8ab46bded871','Refrigerante Fanta Laranja 600ml',4.19,'https://www.superkoch.com.br/promocoes-da-semana/produtos-participantes/refrigerante-fanta-laranja-600ml-19700','https://www.superkoch.com.br/media/catalog/product/0/-/0-7894900031607.jpg?optimize=high&bg-color=255,255,255&fit=bounds&height=200&width=200&canvas=200:200'),(4584,2,'3aac694b-2518-44ba-8433-429f33975c5f','Refrigerante Fanta Guaraná Pet 200ml',1.59,'https://www.superkoch.com.br/refrigerante-fanta-guarana-pet-200ml-39348','https://www.superkoch.com.br/media/catalog/product/2/-/2-78937765.jpg?optimize=high&bg-color=255,255,255&fit=bounds&height=200&width=200&canvas=200:200'),(4585,2,'a97d4aed-2c92-40ff-91fc-5812a1ed05ad','Refrigerante Schweppes Citrus Zero Açúcar Lata 350ml',3.39,'https://www.superkoch.com.br/refrigerante-schweppes-citrus-zero-acucar-lata-350ml-20006','https://www.superkoch.com.br/media/catalog/product/9/-/9-7894900320015.jpg?optimize=high&bg-color=255,255,255&fit=bounds&height=200&width=200&canvas=200:200'),(4586,2,'61df420b-94a3-44a0-a46a-9723858e24a2','Refrigerante Schweppes Citrus Original Lata 350ml',3.39,'https://www.superkoch.com.br/refrigerante-schweppes-citrus-original-lata-350ml-40736','https://www.superkoch.com.br/media/catalog/product/2/-/2-7894900180503.jpg?optimize=high&bg-color=255,255,255&fit=bounds&height=200&width=200&canvas=200:200'),(4587,2,'97a10b12-4674-4768-9af2-31869d432318','Refrigerante Max Laranja Pet 2l',5.59,'https://www.superkoch.com.br/refrigerante-max-laranja-pet-2l-35763','https://www.superkoch.com.br/media/catalog/product/4/-/4-7896086117076.jpg?optimize=high&bg-color=255,255,255&fit=bounds&height=200&width=200&canvas=200:200'),(4588,2,'dcc9820f-a589-4460-a263-0d15498241c4','Refrigerante Pepsi Garrafa 3l',9.79,'https://www.superkoch.com.br/refrigerante-pepsi-garrafa-3l-58577','https://www.superkoch.com.br/media/catalog/product/2/-/2-7892840800604.jpg?optimize=high&bg-color=255,255,255&fit=bounds&height=200&width=200&canvas=200:200'),(4589,2,'23d1f4f2-9585-4def-81f7-63ebaa5a7497','Refrigerante Fanta Maracujá 2l',6.29,'https://www.superkoch.com.br/refrigerante-fanta-maracuja-2l-19696','https://www.superkoch.com.br/media/catalog/product/2/-/2-7894900091014.jpg?optimize=high&bg-color=255,255,255&fit=bounds&height=200&width=200&canvas=200:200'),(4590,2,'b1fe781e-a45d-485f-92be-f54f4827fa28','Refrigerante Guaraná Antarctica 310ml',2.69,'https://www.superkoch.com.br/refrigerante-guarana-antarctica-310ml-66248','https://www.superkoch.com.br/media/catalog/product/5/-/5-7891991298650.jpg?optimize=high&bg-color=255,255,255&fit=bounds&height=200&width=200&canvas=200:200'),(4591,2,'01a5b65f-5aba-4854-a08e-e87e2172c073','Refrigerante De Laranja Light Max 2l',5.59,'https://www.superkoch.com.br/refrigerante-de-laranja-light-max-2l-38240','https://www.superkoch.com.br/media/catalog/product/1/-/1-7896086177575.jpg?optimize=high&bg-color=255,255,255&fit=bounds&height=200&width=200&canvas=200:200'),(4592,2,'7e9a2172-7e1f-4b51-a522-841be5ebf04e','Refrigerante Fanta Maracujá Lata 350ml',3.29,'https://www.superkoch.com.br/refrigerante-fanta-maracuja-lata-350ml-19705','https://www.superkoch.com.br/media/catalog/product/4/-/4-7894900091007.jpg?optimize=high&bg-color=255,255,255&fit=bounds&height=200&width=200&canvas=200:200'),(4593,2,'601147a4-3134-4160-82bf-d979d0603c40','Refrigerante Soda Limonada Antarctica Garrafa 2l',7.99,'https://www.superkoch.com.br/refrigerante-soda-limonada-antarctica-garrafa-2l-19566','https://www.superkoch.com.br/media/catalog/product/0/-/0-7891991001359.jpg?optimize=high&bg-color=255,255,255&fit=bounds&height=200&width=200&canvas=200:200'),(4595,2,'a837afeb-cc11-4128-ba0c-508cd78383da','Refrigerante Coca Cola Com Café Lata 220ml',2.39,'https://www.superkoch.com.br/promocoes-da-semana/produtos-participantes/refrigerante-coca-cola-com-cafe-lata-220ml-36238','https://www.superkoch.com.br/media/catalog/product/5/-/5-7894900025019.jpg?optimize=high&bg-color=255,255,255&fit=bounds&height=200&width=200&canvas=200:200'),(4596,2,'73206304-08e4-4101-bf49-cb0e080d7eab','Refrigerante Pepsi Garrafa 600ml',3.99,'https://www.superkoch.com.br/refrigerante-pepsi-garrafa-600ml-19900','https://www.superkoch.com.br/media/catalog/product/6/-/6-7892840800239.jpg?optimize=high&bg-color=255,255,255&fit=bounds&height=200&width=200&canvas=200:200'),(4597,2,'8595980b-9b12-423e-946d-60c42b1fe226','Refrigerante Kuat Guaraná Lata 350ml',2.59,'https://www.superkoch.com.br/promocoes-da-semana/produtos-participantes/refrigerante-kuat-guarana-lata-350ml-19752','https://www.superkoch.com.br/media/catalog/product/7/-/7-7894900910018.jpg?optimize=high&bg-color=255,255,255&fit=bounds&height=200&width=200&canvas=200:200'),(4599,2,'59f82f9a-8ea7-4292-9eea-58409cf98667','Refrigerante Kuat Guaraná Pet 600ml',3.59,'https://www.superkoch.com.br/promocoes-da-semana/produtos-participantes/refrigerante-kuat-guarana-pet-600ml-19749','https://www.superkoch.com.br/media/catalog/product/5/-/5-7894900911602.jpg?optimize=high&bg-color=255,255,255&fit=bounds&height=200&width=200&canvas=200:200'),(4600,2,'45476952-fdcd-47ae-a9b9-a5f17fefc432','Refrigerante Fanta Guaraná Lata 350ml',3.19,'https://www.superkoch.com.br/refrigerante-fanta-guarana-lata-350ml-30615','https://www.superkoch.com.br/media/catalog/product/2/-/2-7894900093001.jpg?optimize=high&bg-color=255,255,255&fit=bounds&height=200&width=200&canvas=200:200'),(4601,2,'b313b76c-6779-4031-881f-1e1c800310e2','Refrigerante Sukita De Uva Garrafa 2l',5.79,'https://www.superkoch.com.br/refrigerante-sukita-de-uva-garrafa-2l-47888','https://www.superkoch.com.br/media/catalog/product/1/-/1-7891149102808.jpg?optimize=high&bg-color=255,255,255&fit=bounds&height=200&width=200&canvas=200:200'),(4602,2,'f25e86a5-9fc1-498d-96c2-285e23009cdd','Refrigerante Pepsi Twist Lata 350ml',2.89,'https://www.superkoch.com.br/refrigerante-pepsi-twist-lata-350ml-19910','https://www.superkoch.com.br/media/catalog/product/7/-/7-7892840802790.jpg?optimize=high&bg-color=255,255,255&fit=bounds&height=200&width=200&canvas=200:200'),(4603,2,'7c2aa2bf-067d-4924-834b-fd399fd447f3','Refrigerante Antarctica Guaraná+Pepsi 2l',11.99,'https://www.superkoch.com.br/refrigerante-antarctica-guarana-pepsi-2l-71221','https://www.superkoch.com.br/media/catalog/product/7/-/7-7891991298254.jpg?optimize=high&bg-color=255,255,255&fit=bounds&height=200&width=200&canvas=200:200'),(4605,2,'0','Refrigerante Sprite Limão Lata 220ml',2.25,'https://www.superkoch.com.br/promocoes-da-semana/produtos-participantes/refrigerante-sprite-limao-lata-220ml-38936','https://www.superkoch.com.br/media/catalog/product/4/-/4-7894900681178.jpg?optimize=high&bg-color=255,255,255&fit=bounds&height=200&width=200&canvas=200:200'),(4606,2,'4f26e5b1-a131-4a15-bb2b-7433aeae43e8','Refrigerante Limonada Soda Antarctica Garrafa 200ml',1.19,'https://www.superkoch.com.br/refrigerante-limonada-soda-antarctica-garrafa-200ml-47257','https://www.superkoch.com.br/media/catalog/product/5/-/5-7891991014984.jpg?optimize=high&bg-color=255,255,255&fit=bounds&height=200&width=200&canvas=200:200'),(4607,2,'0','Refrigerante Sukita Laranja Garrafa Pet 200ml',1.19,'https://www.superkoch.com.br/refrigerante-sukita-laranja-garrafa-pet-200ml-47256','https://www.superkoch.com.br/media/catalog/product/7/-/7-7891149108282.jpg?optimize=high&bg-color=255,255,255&fit=bounds&height=200&width=200&canvas=200:200'),(4610,2,'905335e4-1531-49c9-beb5-09104c6d9b08','Refrigerante Fanta Laranja Lata 220ml',2.29,'https://www.superkoch.com.br/promocoes-da-semana/produtos-participantes/refrigerante-fanta-laranja-lata-220ml-37727','https://www.superkoch.com.br/media/catalog/product/7/-/7-7894900030396.jpg?optimize=high&bg-color=255,255,255&fit=bounds&height=200&width=200&canvas=200:200'),(4611,2,'be25fcb4-41e0-445c-8a50-48090024dd03','Refrigerante Guaraná Wewi Orgânico Garrafa 255ml',3.99,'https://www.superkoch.com.br/refrigerante-guarana-wewi-organico-garrafa-255ml-65258','https://www.superkoch.com.br/media/catalog/product/2/-/2-7898950338396.jpg?optimize=high&bg-color=255,255,255&fit=bounds&height=200&width=200&canvas=200:200'),(4612,2,'4dd3900a-2816-4e02-8d1c-647edef21179','Refrigerante Soda Limonada Antarctica Lata 350ml',2.99,'https://www.superkoch.com.br/refrigerante-soda-limonada-antarctica-lata-350ml-19563','https://www.superkoch.com.br/media/catalog/product/2/-/2-7891991000833.jpg?optimize=high&bg-color=255,255,255&fit=bounds&height=200&width=200&canvas=200:200'),(4615,2,'e4fa7095-1711-4544-bbed-ce6913cd180b','Refrigerante Sukita Laranja Lata 350ml',2.99,'https://www.superkoch.com.br/refrigerante-sukita-laranja-lata-350ml-19574','https://www.superkoch.com.br/media/catalog/product/8/-/8-7891149440603.jpg?optimize=high&bg-color=255,255,255&fit=bounds&height=200&width=200&canvas=200:200'),(4685,2,'a837afeb-cc11-4128-ba0c-508cd78383da','Refrigerante Coca Cola Com Café Lata 220ml',2.39,'https://www.superkoch.com.br/promocoes-da-semana/produtos-participantes/refrigerante-coca-cola-com-cafe-lata-220ml-36238','https://www.superkoch.com.br/media/catalog/product/5/-/5-7894900025019.jpg?optimize=high&bg-color=255,255,255&fit=bounds&height=200&width=200&canvas=200:200');
/*!40000 ALTER TABLE `produto_mercado` ENABLE KEYS */;
UNLOCK TABLES;
/*!40103 SET TIME_ZONE=@OLD_TIME_ZONE */;

/*!40101 SET SQL_MODE=@OLD_SQL_MODE */;
/*!40014 SET FOREIGN_KEY_CHECKS=@OLD_FOREIGN_KEY_CHECKS */;
/*!40014 SET UNIQUE_CHECKS=@OLD_UNIQUE_CHECKS */;
/*!40101 SET CHARACTER_SET_CLIENT=@OLD_CHARACTER_SET_CLIENT */;
/*!40101 SET CHARACTER_SET_RESULTS=@OLD_CHARACTER_SET_RESULTS */;
/*!40101 SET COLLATION_CONNECTION=@OLD_COLLATION_CONNECTION */;
/*!40111 SET SQL_NOTES=@OLD_SQL_NOTES */;

-- Dump completed on 2023-11-13 18:02:32
